Millard,Polendine,mpolendine0@hostgator.com,Male,01/09/1997,TQgYwKKI52
Kingsley,Morigan,kmorigan1@thetimes.co.uk,Male,09/29/1991,0bPhNZv
Loria,Christin,lchristin2@gizmodo.com,Female,02/22/1983,b6AGoWpi5Pkr
Benton,Gronno,bgronno3@joomla.org,Male,08/31/1962,eoeBEBOhIu9
Moises,Paulus,mpaulus4@nyu.edu,Male,05/19/1999,kXYaP5vsz
Julian,Harrold,jharrold5@blogs.com,Male,06/09/1995,4cs7Q6J8Qty
Anatol,FitzGibbon,afitzgibbon6@nasa.gov,Male,04/09/1976,WoA80K
Bucky,Hellens,bhellens7@squarespace.com,Male,03/22/2011,CEP0okVINeU
Prue,Ethelstone,pethelstone8@hao123.com,Female,12/09/2012,OW4Mo5ar
Lucila,Hablet,lhablet9@thetimes.co.uk,Female,05/16/2006,EttOR6p8lDle
Shannon,Reuss,sreussa@1688.com,Female,01/07/2009,sV5NZk
Fabien,Cowburn,fcowburnb@archive.org,Male,12/13/2000,kIyothuu8a9
Addi,Da Costa,adacostac@de.vu,Female,11/16/1975,RUyZrJPxKv
Rickie,Carson,rcarsond@xrea.com,Male,10/01/2002,Rjayz3LycXF
Carri,Fido,cfidoe@apache.org,Female,06/20/1989,T83U0flS4rR
Delilah,Buttwell,dbuttwellf@bloglovin.com,Female,05/11/1998,pyb3Ai
Ivie,Cordingley,icordingleyg@thetimes.co.uk,Female,03/21/1999,SjqG1IzY
Orazio,Infante,oinfanteh@biglobe.ne.jp,Male,08/24/1969,q0i6KYC
See,Giddons,sgiddonsi@mapy.cz,Male,06/07/1975,itHsYtR8i
Larisa,Vassbender,lvassbenderj@mapy.cz,Female,08/23/2011,j0aNhtrgvk
Lothaire,Giddens,lgiddensk@biblegateway.com,Male,06/29/1999,P8sQzQ
Tarra,Porteous,tporteousl@smh.com.au,Female,08/08/1986,zdtnFm
Andeee,Waring,awaringm@wunderground.com,Female,08/10/2010,3bDSImqU4X
Ignacius,Franca,ifrancan@blog.com,Male,10/22/1986,JJ7XU4Wx
Reginald,Tordoff,rtordoffo@cyberchimps.com,Male,04/27/2007,y9fyUo3zWEf
Alberta,Huguenet,ahuguenetp@mashable.com,Female,08/02/2001,aOf4z6
Edik,Zellmer,ezellmerq@xing.com,Male,05/06/2014,9f3oeSDAa
Willie,Bachanski,wbachanskir@smugmug.com,Male,02/13/1981,uCWOBW
Elmore,Sanchis,esanchiss@independent.co.uk,Male,08/06/2011,gRyf9BC
Kiley,Lyston,klystont@ucsd.edu,Female,06/21/1996,PJIQL2mvt
Nico,Budge,nbudgeu@mediafire.com,Male,11/14/1991,rD06NBjOgoS9
Jenine,Basketter,jbasketterv@independent.co.uk,Female,06/25/1966,KaExX7W5C
Gunther,Lennard,glennardw@dyndns.org,Male,08/16/2009,9jWT94
Aurie,Steuart,asteuartx@nymag.com,Female,07/25/1993,5swmn7
Sasha,Bellelli,sbellelliy@psu.edu,Male,11/05/1988,VJoKZ71
Tybie,Sherebrook,tsherebrookz@cargocollective.com,Female,08/14/1988,IPajBhs
Timi,Pitman,tpitman10@google.fr,Female,11/21/1982,xXYvgWD0UDoP
Clovis,Guys,cguys11@qq.com,Female,04/02/1988,7IDVBuL
Juliana,Durant,jdurant12@dropbox.com,Female,04/07/1996,5KP1vXz
Clifford,Dunnan,cdunnan13@ted.com,Male,02/03/2004,USGk1D
Erda,Robeiro,erobeiro14@guardian.co.uk,Female,10/04/1971,LZCrfl
Brad,Sommerfeld,bsommerfeld15@people.com.cn,Male,04/20/1991,tgPLbyIp3IG
Claybourne,Curtayne,ccurtayne16@gmpg.org,Male,06/14/1993,TyFso9Q
Zora,Focke,zfocke17@ask.com,Female,02/11/1978,3fonV90
Bert,Dinsey,bdinsey18@nymag.com,Female,10/23/2010,Ysdk67p
Bobbie,Haggerwood,bhaggerwood19@cbslocal.com,Female,03/25/2015,KvWlnV
Cortie,Shearsby,cshearsby1a@toplist.cz,Male,11/22/2008,FaXolurx
Tori,Odell,todell1b@hatena.ne.jp,Female,01/31/1971,Ca4kDwn9iR
Winna,Maryon,wmaryon1c@ed.gov,Female,02/06/2008,KtOVmkSK0145
Bill,Oxshott,boxshott1d@github.com,Male,01/13/1965,ER5MfhXVBLo
Ninette,Radborn,nradborn1e@topsy.com,Female,11/04/1985,E0UifX
Bale,Latliff,blatliff1f@loc.gov,Male,08/18/1991,k241X3gF7U0p
Nessa,Trazzi,ntrazzi1g@e-recht24.de,Female,10/26/2002,JbyTRy3aE
Scarlett,Norgan,snorgan1h@dmoz.org,Female,06/10/1988,SLjzyc3uH0H
Fawne,Utterson,futterson1i@msu.edu,Female,06/22/1978,VxiaGJ
Derby,Rosenshine,drosenshine1j@imageshack.us,Male,05/21/1996,33o7Kxa5a
Donelle,Pickersgill,dpickersgill1k@opensource.org,Female,01/19/2010,uQmevu7BR
Terrel,Granleese,tgranleese1l@howstuffworks.com,Male,07/18/1987,o5A1bJNM
Reginauld,Mundwell,rmundwell1m@homestead.com,Male,02/15/1964,PF8QKKLpdP9Q
Joaquin,Sneddon,jsneddon1n@dropbox.com,Male,11/06/2004,dPPB8eRI7
Merna,Geall,mgeall1o@mit.edu,Female,04/03/1993,lF6W5mS1VAQ
Esma,Engelbrecht,eengelbrecht1p@bluehost.com,Female,09/29/2010,3T6FNG
Claybourne,Haney`,chaney1q@accuweather.com,Male,08/09/1968,Yezqltty8v
Gar,Penwright,gpenwright1r@geocities.com,Male,02/28/1998,yPDhsoQot
Jose,Fillimore,jfillimore1s@mozilla.com,Male,01/24/2008,e1Ctm5N
Reuben,Nicholas,rnicholas1t@devhub.com,Male,12/23/1993,7XYKJ0Nd
Roosevelt,Gallico,rgallico1u@soup.io,Male,10/13/1982,TNx79yBJcF
Lovell,Lockner,llockner1v@cbsnews.com,Male,03/07/1965,pZ1Y2MG9AO7T
Griffith,Corn,gcorn1w@independent.co.uk,Male,08/13/1994,fBfH6FzGs
Gareth,Meagh,gmeagh1x@xing.com,Male,12/13/2010,wYPfnFr
Rebeca,Carnaman,rcarnaman1y@toplist.cz,Female,05/07/2011,JQ6UCW
Kimmy,Blackster,kblackster1z@printfriendly.com,Female,08/06/2009,hS5uIC
Burnaby,Featherston,bfeatherston20@facebook.com,Male,09/28/1996,uhDpnesLs
Anjela,Moncreiff,amoncreiff21@symantec.com,Female,12/10/1988,kwqEexkPgjP
Otes,Traice,otraice22@wisc.edu,Male,08/07/1972,fVKqPXddjc
Ilysa,Ashbolt,iashbolt23@feedburner.com,Female,05/17/1981,OJ8BZGbed
Garret,Jakubovicz,gjakubovicz24@chronoengine.com,Male,12/12/1972,CmssHS8e
Taryn,Whitrod,twhitrod25@smugmug.com,Female,10/27/2007,7RFSNla
Nathanial,Winkle,nwinkle26@epa.gov,Male,09/06/1962,xbm304
Sarina,Monkman,smonkman27@techcrunch.com,Female,07/16/1974,YnXXunGoW
Marius,Haukey,mhaukey28@ted.com,Male,11/26/1994,PiJFhhqLI
Cletis,Jenkins,cjenkins29@ucoz.com,Male,12/14/1998,jtE2fRE
Seamus,Goggen,sgoggen2a@studiopress.com,Male,09/14/2000,ANTIBMfxb
Cory,Crosbie,ccrosbie2b@yale.edu,Female,01/23/1986,rKBSJdHaq
Sharai,Telega,stelega2c@typepad.com,Female,03/04/1980,agDoNvD
Heinrik,Smidmor,hsmidmor2d@bravesites.com,Male,06/07/1999,1tWQOhk
Callida,Davenhall,cdavenhall2e@printfriendly.com,Female,10/09/1975,rjdMelj
Bond,Shayler,bshayler2f@ftc.gov,Male,12/14/1983,oLdZh21
Joshuah,Dabner,jdabner2g@businessinsider.com,Male,04/21/2007,JSBicsjrPB
Livy,Currie,lcurrie2h@usatoday.com,Female,07/20/1968,2p0BCHv6
Joyce,Hug,jhug2i@w3.org,Female,11/25/1989,fyYsne7z
Malina,McFade,mmcfade2j@state.tx.us,Female,12/17/1965,bDygrvMwy
Tanny,Thairs,tthairs2k@vkontakte.ru,Male,04/15/2011,bQNYGk
Doe,Hammett,dhammett2l@apple.com,Female,09/11/1966,LKSX6M9kVAQp
Martino,Celle,mcelle2m@latimes.com,Male,12/16/1984,QKnoLR0OC
Aurie,Beldham,abeldham2n@4shared.com,Female,04/18/1973,2k5azKUjjp
Neysa,Lambert,nlambert2o@list-manage.com,Female,10/14/1988,DMWBVnqSy
Harlene,Hotton,hhotton2p@mashable.com,Female,03/10/1978,BSeHvvOSf1
Desiree,Coward,dcoward2q@psu.edu,Female,12/23/1985,AKWa63vBIs
Leonora,Van Son,lvanson2r@tripadvisor.com,Female,03/06/2006,PydNPHoWHdjY
Addie,Jennery,ajennery2s@usa.gov,Female,03/20/2010,FAWHcq5ue8t
Skelly,Need,sneed2t@uol.com.br,Male,08/07/1973,TAHHmN1t
Guido,Frays,gfrays2u@boston.com,Male,07/12/1985,6PtVDqHDY8F6
Abagail,Valsler,avalsler2v@mapy.cz,Female,08/19/1989,3CzqthwI
Wadsworth,Kivelle,wkivelle2w@engadget.com,Male,05/24/1970,CXnn6IOnYQ
Heda,Pellingar,hpellingar2x@homestead.com,Female,07/05/1962,g67SnFU
Kipp,Barrington,kbarrington2y@paypal.com,Male,05/25/1989,O6FeKGgB
Terrie,Crossfield,tcrossfield2z@blogspot.com,Female,09/20/2004,pVB15YN
Junia,Chateau,jchateau30@reddit.com,Female,03/14/1985,hoDCKpOjVPw
Devondra,Proschke,dproschke31@godaddy.com,Female,10/10/1974,4EJRTNMsac6
Dorine,Bremen,dbremen32@jiathis.com,Female,05/03/2003,dYs4CDWul
Sunny,Senussi,ssenussi33@purevolume.com,Male,02/02/1996,AVGDB56UA
Jaquelyn,Pescod,jpescod34@zdnet.com,Female,02/21/1999,5KC64zzW
Gabbie,Corden,gcorden35@miibeian.gov.cn,Female,09/14/1975,15h4jYB
Symon,Cree,scree36@tamu.edu,Male,03/26/1972,2jhTwegiZ8
Bogart,Duffin,bduffin37@noaa.gov,Male,05/15/1986,rmlDw3qik
Mark,Dabinett,mdabinett38@csmonitor.com,Male,11/13/1973,JqYRWO
Minta,Frear,mfrear39@usatoday.com,Female,04/02/2003,9OwQOENHetC
Cy,Greatbanks,cgreatbanks3a@wufoo.com,Male,08/08/1979,dLqTtAi
Zonda,Fairbank,zfairbank3b@desdev.cn,Female,03/31/2004,4KJX6F
Nelie,Gibberd,ngibberd3c@engadget.com,Female,03/03/2004,zyy9ByE0
Thatcher,Wetheril,twetheril3d@mapy.cz,Male,01/10/1967,65AcCD
Ed,Knobell,eknobell3e@bluehost.com,Male,06/29/1979,kLeF8jqM42b
Bevan,Marling,bmarling3f@hao123.com,Male,07/22/1988,AdO1i1QY4
Zilvia,Argent,zargent3g@wikispaces.com,Female,12/27/1990,8whz8KRZd
Jacob,Lafuente,jlafuente3h@flavors.me,Male,10/20/1969,rtXEjLcLK
Edythe,Yewdall,eyewdall3i@google.pl,Female,07/15/1972,B5WtjKq
Cornela,Chieco,cchieco3j@ebay.co.uk,Female,06/24/1962,UoKCYWnMvLw
Malvin,Sherbrook,msherbrook3k@i2i.jp,Male,03/16/1981,X8y4JLl95W
Farlie,Chanders,fchanders3l@seattletimes.com,Male,06/06/2004,Xj2YNE
Analiese,Cockarill,acockarill3m@github.io,Female,12/23/1983,daIfaiz0MuxA
Janenna,Cruess,jcruess3n@tripod.com,Female,10/31/1966,G5kZNo5j1lpH
Garrott,Purchon,gpurchon3o@nsw.gov.au,Male,06/11/2000,3Dk13VTaN
Norton,Shiers,nshiers3p@fema.gov,Male,01/28/2005,q2EYwY
Renaldo,Teaz,rteaz3q@netvibes.com,Male,02/12/1971,BM5nWM
Valentino,Methven,vmethven3r@nymag.com,Male,07/06/1980,BvjquM2RHy
Rafaellle,Gricks,rgricks3s@goo.ne.jp,Male,09/30/1979,3IUkcK0c3
Gearard,Halpen,ghalpen3t@google.ru,Male,08/03/1992,2JrHqlzs
Kaitlynn,Gretton,kgretton3u@hostgator.com,Female,10/17/1995,6cspFwh40K8H
Amabel,Joderli,ajoderli3v@ezinearticles.com,Female,03/08/1982,xYZqyWuwi
Timi,Cowell,tcowell3w@surveymonkey.com,Female,02/27/1979,lV1rmzj
Bidget,Mattingson,bmattingson3x@buzzfeed.com,Female,11/29/1971,zhl3vyxN8PZu
Tomasina,Jobern,tjobern3y@deliciousdays.com,Female,08/30/1973,YI8wZ2OrQb3m
Rich,Clancy,rclancy3z@paypal.com,Male,06/15/1963,6dHGrj0
Drusi,De Metz,ddemetz40@cpanel.net,Female,03/22/1995,Jc1OLu
Christopher,Hek,chek41@state.tx.us,Male,09/25/1968,8LSOa40a97P
Earl,Collingham,ecollingham42@mac.com,Male,12/17/2012,cra94J6h0cY4
Cynthy,Fleis,cfleis43@1und1.de,Female,04/03/1978,j2AoUciuXQ
Kean,Bontine,kbontine44@bloglovin.com,Male,03/19/1972,gpCQhL4dgbYe
Kalinda,Morlon,kmorlon45@marriott.com,Female,06/24/2015,28tBC5ecu8
Therese,Ajean,tajean46@gizmodo.com,Female,07/20/1987,c9ALZkDqN
Thornie,Domingues,tdomingues47@github.com,Male,04/07/2015,TxDk4YJRsV
Saunder,Rizzardo,srizzardo48@bloomberg.com,Male,07/06/2015,CnNkyfNz1E
Waldemar,Rawstron,wrawstron49@marriott.com,Male,05/26/1964,PoaP7aE
Douglas,Rozzell,drozzell4a@privacy.gov.au,Male,06/08/2011,dbqU4V9d
Skyler,Wayvill,swayvill4b@4shared.com,Male,02/28/2004,h5qxFTHIl
La verne,Stallen,lstallen4c@google.cn,Female,05/02/1978,y3JNbl
Jordanna,Spedding,jspedding4d@yale.edu,Female,01/21/2006,XT2XU6EP4S
Dyanne,Ccomini,dccomini4e@redcross.org,Female,01/12/1968,TwqTkzL3gpU
Jenda,Pengilly,jpengilly4f@soundcloud.com,Female,08/22/1963,Dn03y2
Jordan,MacDonough,jmacdonough4g@craigslist.org,Male,08/12/2014,K5zOJJRgbrE4
Ryley,Croisier,rcroisier4h@cnet.com,Male,01/08/2007,3bXvFQKdW
Crysta,Vasyukhnov,cvasyukhnov4i@economist.com,Female,06/13/1999,vUMeUYrG1j
Tyson,Swendell,tswendell4j@cbslocal.com,Male,04/02/2015,9iZn2PXUxmm6
Alexandro,Mansel,amansel4k@tripadvisor.com,Male,04/19/2006,AvHkGdOKQ
Glyn,Shires,gshires4l@unesco.org,Male,09/21/1984,ZltZH6
Kandace,Down,kdown4m@tmall.com,Female,05/28/2013,9deWXIM
Vaclav,Showalter,vshowalter4n@themeforest.net,Male,08/17/1985,RSYti5T7ev1e
Isidora,Bottleson,ibottleson4o@about.me,Female,06/03/1981,rxssa675a
Rikki,Boult,rboult4p@seesaa.net,Male,05/04/2008,LJ66SOW
Alaric,Kilgour,akilgour4q@about.me,Male,11/06/2011,2rlk64IE
Gwenny,Patrie,gpatrie4r@independent.co.uk,Female,12/10/1961,A6JxBoRGaHT3
Gay,Stedell,gstedell4s@istockphoto.com,Male,03/04/1994,hqS49U
Karyl,Van Daalen,kvandaalen4t@addthis.com,Female,09/20/1972,ZgyZqyE
Ogdon,Fiorentino,ofiorentino4u@netlog.com,Male,10/18/1995,1nyWHUL2
Banky,O'Doran,bodoran4v@simplemachines.org,Male,05/06/1964,MrQOX94E
Henri,Melross,hmelross4w@europa.eu,Male,01/12/1977,GTsJT2nX
Keven,Burgoyne,kburgoyne4x@engadget.com,Male,12/29/1972,hPx7HKns
Garey,Grimsey,ggrimsey4y@hp.com,Male,11/19/2007,cyYD2siN
Drud,Geeritz,dgeeritz4z@abc.net.au,Male,10/02/1965,jYVvisFsK
Ansell,Waliszek,awaliszek50@printfriendly.com,Male,04/27/2014,vb9JpO33
Cristi,de Copeman,cdecopeman51@spiegel.de,Female,11/23/1976,L82OY9
Esma,Matley,ematley52@engadget.com,Female,01/03/2015,iGlJdZWm4vl
Dory,Mintrim,dmintrim53@pbs.org,Male,03/07/1980,sppk5oC7
Raleigh,Sargerson,rsargerson54@indiatimes.com,Male,06/09/1988,56GTfaVu
Eziechiele,Reinhard,ereinhard55@parallels.com,Male,03/09/1975,lpV4UWKf
Rina,Dimitrov,rdimitrov56@baidu.com,Female,08/18/2006,Ivsclti
Albie,Hatcher,ahatcher57@opensource.org,Male,11/13/1973,bb94fZP83
Davon,Portingale,dportingale58@ftc.gov,Male,01/01/1996,cJwpUCN
Stacee,Cosins,scosins59@gnu.org,Male,03/13/1980,VqGkeq9Q
Geri,Croxall,gcroxall5a@surveymonkey.com,Female,11/15/1963,Ni3Xm0Aly
Ronda,Miranda,rmiranda5b@blinklist.com,Female,07/20/2004,XAiyTw45WfoO
Terry,Esseby,tesseby5c@who.int,Female,08/29/1995,BcKsA9J6m
Annette,Toler,atoler5d@vimeo.com,Female,02/12/1997,cR8f9f
Darline,Cough,dcough5e@livejournal.com,Female,12/28/2004,iWxg0MS2GD
Yance,Jadczak,yjadczak5f@ibm.com,Male,01/09/1988,dxpEO6
Aryn,Bendell,abendell5g@topsy.com,Female,04/30/1989,MsDgPTPl7mo
Arne,Casarino,acasarino5h@plala.or.jp,Male,05/25/2006,NyE3s8F
Marni,Labeuil,mlabeuil5i@pinterest.com,Female,12/18/1960,dskSTXEhb
Valry,Adamowitz,vadamowitz5j@nytimes.com,Female,02/10/1977,imERxaap
Franny,Linger,flinger5k@myspace.com,Female,07/21/1963,ocsZND87EF
Lloyd,Balk,lbalk5l@bravesites.com,Male,04/23/1981,E40YkcGWzr
Madelon,Upston,mupston5m@indiatimes.com,Female,07/19/1985,Nyz1XOoIluO
Rad,Worsalls,rworsalls5n@abc.net.au,Male,05/13/1995,it3gdJYxw7J
Davy,Libbe,dlibbe5o@nbcnews.com,Male,06/27/1993,RYyL36LD5ycx
Maynord,Mattschas,mmattschas5p@scribd.com,Male,11/15/1997,lyRMsHJl
Cameron,Smitherham,csmitherham5q@ocn.ne.jp,Male,01/12/1963,MUKk6o4wunDV
Dre,Dedney,ddedney5r@1688.com,Female,12/27/1983,Z4zM5HbIwR
Lev,Trinke,ltrinke5s@senate.gov,Male,03/22/2009,r3c30Aa8aW1
Carlita,Casari,ccasari5t@smugmug.com,Female,03/16/1995,MQTzxM1e33vv
Erek,Loftie,eloftie5u@opera.com,Male,08/01/1990,U2zJWfKPe
Mattie,Blanche,mblanche5v@mapquest.com,Female,05/06/1981,YWTRK5jo2y
Rab,Dugdale,rdugdale5w@slate.com,Male,02/09/1963,WcIc899IPvi
Velma,Stirrup,vstirrup5x@apple.com,Female,10/09/1992,g9U2rhMJU9F
Louie,Swafford,lswafford5y@census.gov,Male,05/31/2001,51rZ5xXTURZ
Otes,Wayper,owayper5z@sohu.com,Male,12/17/1960,gw6YSVpZ0X
Bonita,Blythin,bblythin60@hhs.gov,Female,09/25/2011,x3Ww1b1eYsFn
Vanessa,Shalloe,vshalloe61@squidoo.com,Female,12/31/1989,8lH8clnjb
Gisella,Carrol,gcarrol62@disqus.com,Female,04/26/1982,Z13nEU
Drusy,Lowen,dlowen63@issuu.com,Female,03/01/1962,LCUGnfRQq
Ingra,Yankeev,iyankeev64@globo.com,Male,01/15/1981,hjQYwK6
Gare,Tabert,gtabert65@rediff.com,Male,03/31/1982,Xho89wjkOon
Jacinthe,Tesmond,jtesmond66@usda.gov,Female,06/25/1975,2duClA
Lucio,Albrook,lalbrook67@shareasale.com,Male,11/12/1996,mbY4QWF
Dorotea,Spinozzi,dspinozzi68@artisteer.com,Female,09/14/1965,lj225YzS
Hinda,Shalloo,hshalloo69@jimdo.com,Female,09/20/2008,L2YBtSeXqFL
Tadeas,Walesby,twalesby6a@wisc.edu,Male,11/03/1966,t0th38fC4l
Galven,Paulmann,gpaulmann6b@shareasale.com,Male,06/09/1988,FX3MJL
Lenard,Clapperton,lclapperton6c@cnet.com,Male,11/17/2000,OeYCRd
Morgun,McOwen,mmcowen6d@com.com,Male,07/03/1990,YEpF2kZ0rnZN
Joela,Kidder,jkidder6e@woothemes.com,Female,01/14/2014,Mtq0WDlVrJ
Felecia,Blunderfield,fblunderfield6f@t-online.de,Female,08/21/1986,o3bX4z
Catherina,Milley,cmilley6g@prweb.com,Female,03/12/1996,GJYm9NKGB
Olia,O'Dempsey,oodempsey6h@is.gd,Female,02/17/1981,jJ8zRcY
Rik,Ivanyushin,rivanyushin6i@symantec.com,Male,10/10/2012,oFM7k9
Gordan,Osburn,gosburn6j@shareasale.com,Male,08/02/2010,lMZbAIkR
Tamarah,MacCurlye,tmaccurlye6k@ed.gov,Female,04/29/1985,pYe2DJU5
Jackson,Nurden,jnurden6l@buzzfeed.com,Male,11/30/1963,CxC4uY
Lori,Josefsson,ljosefsson6m@fastcompany.com,Female,12/01/1965,LsKXaXyNq0
Lola,Linden,llinden6n@ft.com,Female,12/23/2001,sAdgPm
Hakeem,Dolby,hdolby6o@slate.com,Male,05/20/1985,HGx0PBXH
Olly,Parkhouse,oparkhouse6p@unc.edu,Male,04/06/1990,NaBoguNaHI
Colet,Kiera,ckiera6q@sogou.com,Male,11/06/1993,Vor4L7SU4Sz
Edvard,Paoloni,epaoloni6r@dell.com,Male,02/18/2015,51KjyY
Cilka,Sottell,csottell6s@economist.com,Female,12/22/1966,NjSgOgvyncWd
Nappie,Asaaf,nasaaf6t@i2i.jp,Male,07/15/2000,xON7PK3
Tybi,Darke,tdarke6u@unc.edu,Female,12/12/2010,jFLqwKMN
Gabby,Raymen,graymen6v@g.co,Male,11/01/2006,7IaxC4myaEKw
Scottie,Lowson,slowson6w@behance.net,Male,10/25/1993,9imGlYBYc
Geoffrey,Ghent,gghent6x@gmpg.org,Male,12/25/1965,PRLLaO8Nn
Son,Doward,sdoward6y@bloglovin.com,Male,10/04/1990,GOYf4c
Morena,Barlas,mbarlas6z@dmoz.org,Female,10/01/1997,NvrgAz5L6e45
Jolene,Flude,jflude70@jimdo.com,Female,10/17/2005,LJ1lCqgP
Hyman,Rodell,hrodell71@nydailynews.com,Male,12/17/2003,yQbdhep3FIS
Melany,Siddele,msiddele72@nature.com,Female,02/25/1961,rshqEXXc
Kayle,Coppenhall,kcoppenhall73@dion.ne.jp,Female,04/22/1999,x0BwGg3
Melisande,Ghiroldi,mghiroldi74@ebay.com,Female,06/29/2008,HsnESi6
Stephie,Vakhrushev,svakhrushev75@wordpress.com,Female,11/21/1964,rnyqKAgy
Meris,Yakovitch,myakovitch76@nature.com,Female,06/19/2000,dmc3E5mpNY
Hinze,Foyster,hfoyster77@posterous.com,Male,09/08/1979,3azl8y
Cody,Heeks,cheeks78@archive.org,Male,03/04/1994,fhHYgNM
Lorens,Fownes,lfownes79@cdc.gov,Male,04/03/2010,C6SoqQ
Gabriela,Allmark,gallmark7a@mozilla.org,Female,02/03/1982,FdkU1I
Jasun,Redhead,jredhead7b@ocn.ne.jp,Male,07/12/1982,V4Aiv2L93OsG
Reina,Pescott,rpescott7c@oracle.com,Female,07/30/2005,2I7E4E
Bartolomeo,Waitland,bwaitland7d@creativecommons.org,Male,10/26/2010,nHZZdKuf
Susann,McCleary,smccleary7e@ycombinator.com,Female,08/16/1991,9S0Lgi
Daisey,Bromwich,dbromwich7f@chicagotribune.com,Female,09/29/1973,1SCz6OkST
Hilary,Townsend,htownsend7g@skype.com,Female,08/18/1962,ZZrE2I
Malissia,Lusher,mlusher7h@tmall.com,Female,12/15/1978,VCUQpJgLdeLg
Carolee,Levis,clevis7i@archive.org,Female,05/30/1970,WEoVwG3V
Antoinette,Dowdle,adowdle7j@nhs.uk,Female,07/24/2007,u7Odlh8eb
Hubey,Foulds,hfoulds7k@yandex.ru,Male,12/07/1969,tkOaMzf
Stormy,Zorzi,szorzi7l@census.gov,Female,11/15/2003,hAX3bgCutZ
Dorthea,Hartzenberg,dhartzenberg7m@last.fm,Female,04/04/1979,KRjaalPLh4
Starlin,Tokley,stokley7n@un.org,Female,05/31/1979,eoeTdW
Tome,Mensler,tmensler7o@tinyurl.com,Male,06/19/1980,OcTTFxtNT0g
Waldo,Tillerton,wtillerton7p@umn.edu,Male,11/27/1990,ebluXjGnzwI
Alejandra,Aleksidze,aaleksidze7q@fema.gov,Female,02/11/1963,9m9fJii
Rabi,Flagg,rflagg7r@columbia.edu,Male,05/26/2013,f2sPl5c
Nelli,Joreau,njoreau7s@sbwire.com,Female,09/10/2004,BAHJeL
Tobye,Tomik,ttomik7t@illinois.edu,Female,05/27/1977,nxxVEu3Sf
Richmond,Ripping,rripping7u@theatlantic.com,Male,12/19/1983,TmENZgB4m
Cornell,Dawes,cdawes7v@mac.com,Male,02/26/1996,VbRs0xAUEU6B
Jason,Michin,jmichin7w@feedburner.com,Male,11/12/2015,uORgwi
Sandie,Pickwell,spickwell7x@opensource.org,Female,06/23/2000,6KYCMb56AkDh
Tyne,MacCahey,tmaccahey7y@hexun.com,Female,11/15/2002,u7rKT8W
Godwin,Findon,gfindon7z@uiuc.edu,Male,09/02/1961,1HXJG6t
Aveline,Muckle,amuckle80@constantcontact.com,Female,12/30/1980,WOveJCNjm
Donavon,Glenn,dglenn81@google.cn,Male,12/27/1982,SQtdHa5
Liza,Angel,langel82@jugem.jp,Female,12/22/2006,nMNz4ZFVWlz
Lusa,Crewes,lcrewes83@oaic.gov.au,Female,12/08/1984,gvnjWV0
Blaine,Buesden,bbuesden84@marriott.com,Male,04/16/2006,Ggtv2lmG7
Claudian,Clifton,cclifton85@cpanel.net,Male,02/15/2005,5un9GtIB
Eadie,Dyer,edyer86@berkeley.edu,Female,08/01/2013,CRqdRyIeGeKV
Perceval,Woollhead,pwoollhead87@samsung.com,Male,09/16/1993,yKdcWGi
Cody,Prettyman,cprettyman88@hugedomains.com,Male,07/29/1986,ElTkfv7sK
Betty,Yellop,byellop89@youtu.be,Female,04/07/1982,ilhmC3
Paloma,Hrycek,phrycek8a@imageshack.us,Female,11/18/1969,DvDV8OGZa0j
Franni,Joyes,fjoyes8b@pbs.org,Female,04/27/1968,hDygw9LrI
Sena,Lamminam,slamminam8c@printfriendly.com,Female,09/15/2004,FUL8St9G
Carmine,Dukesbury,cdukesbury8d@ucsd.edu,Male,11/12/2009,adpOCMstdI
Salaidh,Purver,spurver8e@telegraph.co.uk,Female,07/26/1981,SLbHyhm
Devonne,Maslin,dmaslin8f@bigcartel.com,Female,03/27/2007,Nuu5lz
Prentice,Tombs,ptombs8g@bravesites.com,Male,02/14/1989,rfhFMaye
Alfy,Ruddiman,aruddiman8h@ox.ac.uk,Female,04/26/1977,7GEmbNK
Neddy,Aldwich,naldwich8i@mozilla.org,Male,07/22/2005,nak9OUh
Mitchel,Ritchman,mritchman8j@creativecommons.org,Male,10/04/1964,nsmcq3N9L87O
Willis,Girt,wgirt8k@redcross.org,Male,10/26/1994,BEVyyavqM
Judas,Wolland,jwolland8l@biglobe.ne.jp,Male,11/27/1989,xCfaQlFrGO
Ella,Klimczak,eklimczak8m@free.fr,Female,04/10/1978,fvnCmY
Sampson,Walbridge,swalbridge8n@barnesandnoble.com,Male,06/17/1998,VoQNPa0
Jessey,Bodemeaid,jbodemeaid8o@sitemeter.com,Male,09/09/1971,nHNcF04
Stacee,Daudray,sdaudray8p@usnews.com,Female,03/31/2015,7CyXPZZnw
Ashia,Viger,aviger8q@apache.org,Female,05/18/2009,hyf0DPAa
Shirline,Jakeman,sjakeman8r@rakuten.co.jp,Female,09/27/1978,D6L4qLhKdER
Beatrix,Lechelle,blechelle8s@vk.com,Female,03/08/1980,3P1kFCOKdW2D
Melessa,Delbergue,mdelbergue8t@si.edu,Female,04/21/1986,gpe0eD5LiK
Jinny,Stooders,jstooders8u@dedecms.com,Female,05/05/1973,WEejGjttMNTc
Di,Munton,dmunton8v@wp.com,Female,09/07/2010,TqYrtqu549lw
Yoko,Mockford,ymockford8w@blogspot.com,Female,08/02/1972,BMkGodH
Nichols,Ocheltree,nocheltree8x@blogs.com,Male,04/04/1962,JfDg5kf
Haydon,Ruckman,hruckman8y@booking.com,Male,10/05/2000,ze6crep
Cynde,Bunclark,cbunclark8z@omniture.com,Female,11/17/2007,4LrNZYN
Tiebout,Prangley,tprangley90@amazon.com,Male,11/06/2015,qldoah
Normand,Baskwell,nbaskwell91@technorati.com,Male,06/22/1981,BClmFQkOjH
Dory,Gidman,dgidman92@printfriendly.com,Male,01/01/1999,petgDnfzBqi
Devlen,MacCracken,dmaccracken93@oaic.gov.au,Male,03/20/1971,YYtyGkJV
Farrel,McLelland,fmclelland94@parallels.com,Male,12/22/2011,j9eq4t
Edsel,Feye,efeye95@yahoo.com,Male,09/20/1972,9c7V19Ihydv
Hettie,Saltern,hsaltern96@cbslocal.com,Female,02/26/2013,JeV90QJ
Farlie,Elderkin,felderkin97@chronoengine.com,Male,12/27/1969,bD6tQK9tj
Lionel,Rossbrooke,lrossbrooke98@bbb.org,Male,03/14/2008,1fT4AFAefIT9
Aimee,Biggerstaff,abiggerstaff99@deviantart.com,Female,03/20/1971,HNWAC7w
Nadia,MacNeish,nmacneish9a@slideshare.net,Female,02/27/1994,GoYSgX
Fidelity,Algore,falgore9b@yellowbook.com,Female,03/04/1976,QtpfaF4p
Lucine,Southon,lsouthon9c@sbwire.com,Female,04/19/2008,0m0VCJjf79X
Beret,Vanyushkin,bvanyushkin9d@skype.com,Female,01/25/1976,lLOwOd4ufSe
Banky,Caffin,bcaffin9e@amazonaws.com,Male,07/15/2007,G9Os5Edu
Carmelita,Tokley,ctokley9f@github.com,Female,03/20/1971,FTKQFbx3yNw3
Blondelle,Claxson,bclaxson9g@cornell.edu,Female,11/27/1992,IuQgaimZta
Alyson,Binton,abinton9h@auda.org.au,Female,03/14/1976,GPFR1ziGd
Patrizio,Maylour,pmaylour9i@ted.com,Male,08/27/1971,c1UacJ
Nikolos,Grierson,ngrierson9j@buzzfeed.com,Male,12/09/2010,uCopEaX
Meyer,Vittery,mvittery9k@imageshack.us,Male,02/18/1994,e5kDUZSYL3
Cornie,McHenry,cmchenry9l@infoseek.co.jp,Male,04/05/1991,YZg7ic
Obadiah,Rekes,orekes9m@tamu.edu,Male,09/21/1991,JFXlMGYMY
Cornie,Chomley,cchomley9n@bravesites.com,Male,01/04/1968,o9IUQua3
Shoshana,Clandillon,sclandillon9o@stumbleupon.com,Female,08/02/2002,Hu10yMx
Helena,Laxston,hlaxston9p@reverbnation.com,Female,11/16/1970,MqiQzi
Steffie,Hindsberg,shindsberg9q@unicef.org,Female,03/27/1976,UbjfuARBS
Lolly,Cornick,lcornick9r@exblog.jp,Female,05/28/1984,v06K7voYQY
Pierette,Vevers,pvevers9s@topsy.com,Female,09/17/1979,kewzgFDpR8XA
Emmett,Dillintone,edillintone9t@github.com,Male,03/13/2005,xktsEXBAiHg
Sherline,Elvish,selvish9u@vinaora.com,Female,04/27/1975,X6fOkw
Maryrose,Tillerton,mtillerton9v@skype.com,Female,12/28/1963,WUkreM
Laurette,Pace,lpace9w@google.co.uk,Female,03/16/2006,Zcqu9UkZIc0
Adrienne,Norquay,anorquay9x@boston.com,Female,12/15/1994,TNBJmzm
Edeline,Carabine,ecarabine9y@usatoday.com,Female,11/11/1997,PWN7xwH
Daryle,Zannelli,dzannelli9z@dyndns.org,Male,03/17/2009,BnP78c2
Ignazio,Eggle,iegglea0@symantec.com,Male,12/09/1966,yvSs1UCb
Norrie,Reuter,nreutera1@sitemeter.com,Male,01/30/1977,8fatL8
Ario,Dow,adowa2@scientificamerican.com,Male,10/24/2014,5iHe6Sqqp
Emelen,Itscowicz,eitscowicza3@yahoo.co.jp,Male,02/10/2001,NXaeHdgE
Garey,Briant,gbrianta4@virginia.edu,Male,12/31/1988,vD3J2yMuD0
Mady,Atwool,matwoola5@nytimes.com,Female,11/07/1976,TP6P9qE43NA
Gennie,Padbury,gpadburya6@slashdot.org,Female,08/14/1987,vx5FrhA
Lynda,Ladd,lladda7@imdb.com,Female,11/13/1994,cEj8ps
Barnett,Trundell,btrundella8@youku.com,Male,01/29/2004,SXWJpm35
Lydia,Lancley,llancleya9@washingtonpost.com,Female,06/21/2014,VmogEgirM
Alex,Schimoni,aschimoniaa@google.com.br,Female,06/14/1975,TWuCjBxR8KX
Quintus,Nystrom,qnystromab@wunderground.com,Male,08/02/1974,g2tNx8uS0L1
Kerwinn,Jesty,kjestyac@thetimes.co.uk,Male,03/09/1970,zjK8JnR
Catina,Dumper,cdumperad@parallels.com,Female,06/28/1978,L4QDOU
Mohandas,Gravey,mgraveyae@hugedomains.com,Male,04/18/1986,C3cwO1cKfHq
Rebecca,Vanezis,rvanezisaf@lycos.com,Female,08/29/1981,QWRboCbvViW
Kingsly,Look,klookag@miibeian.gov.cn,Male,05/19/1989,vNIbNbp
Scottie,Bellhanger,sbellhangerah@walmart.com,Male,06/20/2003,VgA5W6G3Pcr
Lewes,Burwin,lburwinai@cloudflare.com,Male,07/09/2003,Ai13gfV6B
Torin,Mayell,tmayellaj@nsw.gov.au,Male,10/13/2003,iOJTNrSWxUi
Jakie,Heller,jhellerak@ucla.edu,Male,11/09/1963,rEpMN9vYMGT4
Zia,Merton,zmertonal@un.org,Female,08/01/1990,mJXePbd06
Grange,Goldberg,ggoldbergam@goodreads.com,Male,07/09/1996,6U2LBjlVS
Stanfield,Davidovics,sdavidovicsan@marriott.com,Male,03/23/1968,AJy4MEYq
Reggie,Kopecka,rkopeckaao@e-recht24.de,Female,10/30/1996,n5MrYgXu
Olivero,Steinham,osteinhamap@slashdot.org,Male,10/19/1964,IRknxHizwFO
Marybelle,Gersam,mgersamaq@jimdo.com,Female,03/15/1963,OOrBlUsPbB
Kaleena,Algie,kalgiear@sphinn.com,Female,08/12/1984,06SRz7ji
Willy,Dayne,wdayneas@123-reg.co.uk,Female,02/04/1984,TBgLUs906SKc
Rudie,Dinan,rdinanat@drupal.org,Male,04/13/1964,vkE88R
Cyrille,Rosnau,crosnauau@shinystat.com,Male,02/02/1961,yXMe4OY
Isacco,Pargent,ipargentav@sfgate.com,Male,04/29/1966,QaVlgRk9
Gibbie,Wickens,gwickensaw@nih.gov,Male,12/17/1974,fSSfUCvNq
Aeriel,Evans,aevansax@biglobe.ne.jp,Female,03/25/2000,7NBfBoWc2Phs
Dorothy,Cribbin,dcribbinay@acquirethisname.com,Female,01/06/1988,SBuvlmYR
Abagail,Housecroft,ahousecroftaz@springer.com,Female,04/14/1986,1ZNbZR
Link,Lowdes,llowdesb0@amazonaws.com,Male,01/31/1994,F2ICgZHb91Lb
Kelby,Skillett,kskillettb1@gmpg.org,Male,10/13/2012,sXU1MtxFGT
Carita,Jenicke,cjenickeb2@homestead.com,Female,06/19/2006,bTtBsRdP
Jillene,O'Crevy,jocrevyb3@nydailynews.com,Female,12/16/1970,s9VzVGW
Saunderson,Coules,scoulesb4@ask.com,Male,07/23/1973,7o6KawDVeUI
Willow,Stilling,wstillingb5@who.int,Female,01/10/1984,bIXhYR5lZ7L
Keir,Jeffcoate,kjeffcoateb6@google.com.hk,Male,12/29/1990,iWeyCyxrMTRR
Cozmo,Jupe,cjupeb7@woothemes.com,Male,01/25/1975,3OiBSijBjmm9
Brucie,Pastor,bpastorb8@nifty.com,Male,02/12/1986,9iqkdKG7edoc
Elroy,Littrik,elittrikb9@fda.gov,Male,01/01/1992,SyUPPxNGRoV
Heda,Tethcote,htethcoteba@google.es,Female,05/15/1993,BHMJMoEC5Pq1
Alden,Parkisson,aparkissonbb@discuz.net,Male,10/18/2009,xW3wmUbs0
Merlina,Shew,mshewbc@tuttocitta.it,Female,06/15/1993,DtTv03px9Z
Marilyn,Waterhowse,mwaterhowsebd@gmpg.org,Female,11/07/1978,aSrdj4z1n
Tara,Sevin,tsevinbe@google.com.au,Female,06/20/1971,gSAz9LKBHgcD
Bertha,Aughton,baughtonbf@mlb.com,Female,08/25/1969,ox9Gqf
Jakob,Rushmere,jrushmerebg@phpbb.com,Male,08/14/1979,ppROoM
Hewitt,Vasile,hvasilebh@canalblog.com,Male,12/08/1960,dHSrJE7BBRjz
Stanleigh,Ost,sostbi@ed.gov,Male,10/11/1995,12Ocigmgn
Emmott,Southwick,esouthwickbj@reddit.com,Male,08/11/1980,TzaKuR2
Lira,Habben,lhabbenbk@flickr.com,Female,12/26/1981,tJl2dwyd
Terri,Goodlife,tgoodlifebl@meetup.com,Male,06/10/1997,fTOthaD8rupI
Ros,Dourin,rdourinbm@mapy.cz,Female,12/05/2003,KOzMxEfB9
Emmerich,Colliar,ecolliarbn@abc.net.au,Male,08/10/1994,u0d5O2nqy
Nathanael,Handrock,nhandrockbo@wiley.com,Male,01/06/1999,8UdYUBmCEo
Mitzi,ducarme,mducarmebp@linkedin.com,Female,11/20/1996,UJePjN
Vonni,Zuanazzi,vzuanazzibq@yandex.ru,Female,08/24/2000,6phlSTWGf
Ev,Gilardone,egilardonebr@newyorker.com,Male,07/20/1963,jd27Zug6O4
Ivie,Rampage,irampagebs@behance.net,Female,11/03/2008,qwnB5ho
Alex,Aspinal,aaspinalbt@prweb.com,Male,07/25/1984,ggOj7dL
Shara,Crop,scropbu@prnewswire.com,Female,03/01/1986,cUW4uBE
Bing,Wapol,bwapolbv@google.ca,Male,02/24/2015,9qIu5rTIF
Katharyn,Seabrook,kseabrookbw@sphinn.com,Female,12/26/1999,Fg3gTwsG
Jarrad,Penquet,jpenquetbx@bloglines.com,Male,02/27/1970,XkQgE5I0PqW
Leonidas,Estick,lestickby@psu.edu,Male,05/26/1991,InHFgMPw
Chloette,Cammoile,ccammoilebz@theatlantic.com,Female,08/23/1978,mhruAv
Didi,Bigley,dbigleyc0@bloglines.com,Female,12/28/1977,Pxrqcxak
Megan,Outram,moutramc1@live.com,Female,08/28/1967,bmEAGbRrXWb
Arvin,Couchman,acouchmanc2@quantcast.com,Male,09/14/2003,x56EXbdU8b
Fay,Veivers,fveiversc3@mozilla.com,Female,12/21/1975,ACez0Y
Otis,Alvaro,oalvaroc4@chronoengine.com,Male,10/01/1992,DEverzR
Nicola,Doree,ndoreec5@cbsnews.com,Female,03/20/2004,dlV7fAl
Chev,Adelman,cadelmanc6@hao123.com,Male,03/10/1996,ZDlYgggU8vyB
Merle,Raimbauld,mraimbauldc7@goodreads.com,Female,06/14/1980,q6EcJ6EAnG
Dominica,Chavrin,dchavrinc8@merriam-webster.com,Female,12/05/1965,4Pn6i3K
Robers,Morphet,rmorphetc9@goo.gl,Male,11/25/1968,gz14fRLx8N
Victoria,Mongenot,vmongenotca@abc.net.au,Female,08/17/1980,NzHCNh
Massimo,Amori,mamoricb@chicagotribune.com,Male,07/11/2013,39iGy2ZZIPJ
Vale,Hawkwood,vhawkwoodcc@wufoo.com,Female,09/18/2007,hqnktea9RwqO
Vince,Abrahmer,vabrahmercd@bing.com,Male,09/26/1993,Vr1X9a
Lotti,Hurley,lhurleyce@cbslocal.com,Female,08/18/1979,lF520ItC7X
Merrie,Wheway,mwhewaycf@boston.com,Female,05/10/1973,Ww3hm3F
Daniela,Jancar,djancarcg@hatena.ne.jp,Female,09/10/2011,LZKEBff3cmMT
Liva,Spellessy,lspellessych@freewebs.com,Female,02/26/1982,H6ACqT26G
Bentlee,Scragg,bscraggci@ebay.com,Male,07/05/1967,qjF0OWAtR
Kristen,McVane,kmcvanecj@yale.edu,Female,10/09/2006,WhxZwwE4nW
Beulah,Hampton,bhamptonck@zimbio.com,Female,01/16/1996,4rfeNZjFLyhZ
Fleurette,Aberchirder,faberchirdercl@blogs.com,Female,08/09/1977,zQNbZgPOey
Viole,Caulder,vcauldercm@ovh.net,Female,11/30/1986,qTZ9LmI
Evyn,Thresh,ethreshcn@chicagotribune.com,Male,07/26/1975,VgyJTInockM
Marna,Spenton,mspentonco@ibm.com,Female,06/08/1995,swyoGQWFKz8
Kelsey,Regorz,kregorzcp@360.cn,Male,07/18/2014,R9oT1hFikUK3
Charley,Dryburgh,cdryburghcq@google.ca,Male,09/13/1992,1gIW4CPbIeYo
Linc,Iglesias,liglesiascr@mapquest.com,Male,04/13/1975,Mv7HFx
Stearn,Meharry,smeharrycs@simplemachines.org,Male,03/25/2011,OeZNFw
Ronda,Grealish,rgrealishct@networkadvertising.org,Female,07/04/1985,PHVTG7bqdGJp
Raine,Truswell,rtruswellcu@huffingtonpost.com,Female,04/21/1980,8wgc45PU
Sallee,Musslewhite,smusslewhitecv@discovery.com,Female,05/30/1971,vTergnU7dwq4
Babs,Coupman,bcoupmancw@trellian.com,Female,08/20/2003,r0irjjt
Bryon,Swale,bswalecx@skyrock.com,Male,06/08/1983,dItDkPE
Benita,Fandrey,bfandreycy@elegantthemes.com,Female,10/24/1984,2XXF0Od
Joan,Yallowley,jyallowleycz@ameblo.jp,Female,07/10/1965,nXiUdt
Elene,Parrett,eparrettd0@seesaa.net,Female,06/05/2004,cZZeNgTw
Neville,Van der Veldt,nvanderveldtd1@prweb.com,Male,03/22/2010,jQ2ry2Y8bgH4
Marmaduke,Alliker,mallikerd2@boston.com,Male,06/08/2003,wwpQ5VawN
Vinny,Blowne,vblowned3@tiny.cc,Female,07/01/2013,FDDpx9P
Eal,Lethbury,elethburyd4@people.com.cn,Male,05/17/2015,WMo9LNPp
Sela,Zuann,szuannd5@sciencedirect.com,Female,02/08/1991,x5qill1uOB
Johannes,Adnams,jadnamsd6@goo.gl,Male,01/16/1993,npmjrTJ
Phillis,Bellocht,pbellochtd7@ocn.ne.jp,Female,04/12/1984,iViipG5JbIR
Thom,Vannet,tvannetd8@discuz.net,Male,11/10/1997,DRosGNwEP
Camille,Blindt,cblindtd9@nasa.gov,Female,09/12/1970,hvGolbYxDH4o
Steffen,Farfull,sfarfullda@github.com,Male,06/10/2001,0HUBGSDCJ
Brit,Gadsdon,bgadsdondb@devhub.com,Female,08/02/2011,bRmIiNr
Gerome,Buyers,gbuyersdc@topsy.com,Male,10/08/2008,XxcE2fnP
Lari,George,lgeorgedd@youku.com,Female,11/04/2000,3xOHfivPR
Brant,Buckwell,bbuckwellde@mashable.com,Male,07/19/2004,fVBHZso
Alexia,Brenneke,abrennekedf@newyorker.com,Female,11/25/1963,fnoA26
Carolus,O'Rodane,corodanedg@boston.com,Male,11/07/2014,f65VvE1f4
Gottfried,Lewis,glewisdh@marriott.com,Male,03/07/2005,JUQXUrTqY
Arney,Kubala,akubaladi@liveinternet.ru,Male,05/13/2002,sR5F197YZLH
Dara,Iacomettii,diacomettiidj@simplemachines.org,Female,10/21/1977,HtrMISUd
Winona,Ferries,wferriesdk@cafepress.com,Female,09/21/1992,sOfoaE3K
Goober,Chittenden,gchittendendl@simplemachines.org,Male,07/15/1978,r8PZKaGF9
Legra,Mixter,lmixterdm@livejournal.com,Female,10/20/1998,Wcr52D
Morissa,Cruddace,mcruddacedn@epa.gov,Female,02/19/1991,g9jaNMD4y
Verine,Meadowcroft,vmeadowcroftdo@gmpg.org,Female,12/15/2010,Y6HbF1dw5OLR
Gilberte,Reiglar,greiglardp@paginegialle.it,Female,10/19/1962,xyMj8C5V
Ardyth,Trayte,atraytedq@springer.com,Female,04/28/2003,E8neBlSgo
Antons,Ankrett,aankrettdr@rediff.com,Male,12/26/1992,ruhbPZps
Violet,Lammerts,vlammertsds@dagondesign.com,Female,03/23/1996,RAT3RrMj
Renate,Currer,rcurrerdt@livejournal.com,Female,02/05/1965,pGtwgL
Giana,Lieb,gliebdu@china.com.cn,Female,06/25/1993,Jz8Tk1cp
Alexis,Elger,aelgerdv@msu.edu,Male,12/31/1962,N35kX3L
Carny,Geare,cgearedw@cisco.com,Male,07/30/1995,rTfWO2empm
Seline,Kibbee,skibbeedx@pinterest.com,Female,02/24/1988,m9UC8VvrE7Z
Chester,Soltan,csoltandy@usa.gov,Male,01/23/1981,lCMfXOZ
Gherardo,Fuzzens,gfuzzensdz@youtu.be,Male,07/21/1984,kYdaoUvM4Z
Sandor,Cavilla,scavillae0@joomla.org,Male,11/14/1981,cWdFTwJ7J3F0
Corey,Menaul,cmenaule1@qq.com,Female,08/10/1992,yZsvhIrhv
Bernardo,Wimms,bwimmse2@spiegel.de,Male,06/22/1961,NgKu31
Corella,Swadden,cswaddene3@hhs.gov,Female,08/02/1968,EXfwDEFISJT
Derward,Critten,dcrittene4@house.gov,Male,01/08/1999,IRBpGlO9
Binky,Gogie,bgogiee5@blogspot.com,Male,08/20/2012,690Vkso7fY
Simonette,Stoddart,sstoddarte6@123-reg.co.uk,Female,10/30/2006,uJgelDKT
Frank,Tabourier,ftabouriere7@quantcast.com,Female,09/01/1980,lr1v3izrFT
Olenka,Falks,ofalkse8@slideshare.net,Female,01/09/1971,ahRuhBkcm
Gertie,Adess,gadesse9@pbs.org,Female,02/06/1995,dynKeB
Kendrick,Bowell,kbowellea@nhs.uk,Male,04/20/2015,cdAYClIMPp4Q
Regina,Heyworth,rheywortheb@dailymail.co.uk,Female,02/17/1972,ku1KCOt7PsI3
Nerta,Hearson,nhearsonec@berkeley.edu,Female,05/10/1994,Iph8acV
Roosevelt,Ingleton,ringletoned@squidoo.com,Male,10/18/1973,pEVJA6
Isis,Ezzy,iezzyee@dell.com,Female,07/28/2011,ooHplZs
Zeke,Pepler,zpepleref@vinaora.com,Male,03/05/1972,BeiNlQMgSXlZ
Renaldo,Goodwill,rgoodwilleg@smugmug.com,Male,01/21/1995,kQ7IEvDt6
Belva,Baribal,bbaribaleh@si.edu,Female,09/26/1988,PdcopyA
Brendon,Algie,balgieei@go.com,Male,01/15/2004,AsFKGwEY
Wynn,Dunphie,wdunphieej@marketwatch.com,Male,07/08/1985,ywSvIpu
Madelon,Gritland,mgritlandek@hibu.com,Female,04/20/2006,aatA4qgV
Alberik,Geldard,ageldardel@intel.com,Male,01/06/1973,DW6zv6hD
Keslie,O'Halligan,kohalliganem@ustream.tv,Female,09/13/1967,v0raQKmwHbFW
Karlen,Koche,kkocheen@webs.com,Female,03/31/2006,LraGjKD4
Derwin,Gwillim,dgwillimeo@independent.co.uk,Male,03/11/1968,Ux6Klnc0
Thibaud,Woodward,twoodwardep@vimeo.com,Male,04/07/1993,VlcZKw
Lenette,Freezor,lfreezoreq@auda.org.au,Female,04/16/1991,HFilqCo45zU
Gusella,Ciccarello,gciccarelloer@google.com,Female,02/10/1970,spI9Yr3JZ4
Garry,Fulbrook,gfulbrookes@angelfire.com,Male,03/05/1966,MUT54AT3NI
Madelon,Tidball,mtidballet@google.com.hk,Female,10/18/1995,wqV7lZrmDVwL
Packston,Halburton,phalburtoneu@mozilla.org,Male,03/15/1977,OJnxt5VTHn
Cherish,MacIlwrick,cmacilwrickev@homestead.com,Female,09/07/1985,airvBuakTNmY
Lazaro,Antonio,lantonioew@fastcompany.com,Male,06/23/1966,Zj4rFq
Agnella,Pinar,apinarex@qq.com,Female,01/08/1963,HYnyU1Oct
Sylas,Cowdery,scowderyey@photobucket.com,Male,06/21/2013,yjJOrpzF
Ambrosi,Pavett,apavettez@so-net.ne.jp,Male,01/19/1981,GdqJx9Dg
Wilfrid,Sugge,wsuggef0@biblegateway.com,Male,03/29/1978,61b7IvsIs
Keelby,Gionettitti,kgionettittif1@ehow.com,Male,06/07/1996,Y0sim0GTVySF
Blair,McEntegart,bmcentegartf2@simplemachines.org,Female,11/15/1961,l00QOqrYf
Melba,Olenchikov,molenchikovf3@nifty.com,Female,09/23/1970,JNAMdb
Neile,Kaygill,nkaygillf4@examiner.com,Female,03/14/1976,Vm6jzHLHA
Hazel,Ivanchin,hivanchinf5@slashdot.org,Male,10/23/1962,9vW02dbl
Nobie,Leyre,nleyref6@yelp.com,Male,03/01/1964,q7GKwHU
Herby,Van Der Vlies,hvandervliesf7@webs.com,Male,08/13/1977,d9ODQ7o8
Cissy,Margaret,cmargaretf8@shinystat.com,Female,05/18/2006,0k3dL7eWf0
Aylmer,Popland,apoplandf9@chicagotribune.com,Male,02/25/2012,57VF4nqYVBce
Haskell,Vassano,hvassanofa@prweb.com,Male,06/01/1973,lRzyxKs86R8
Sol,Studders,sstuddersfb@hexun.com,Male,10/26/1975,CJZeZzy8
Garrick,Pasfield,gpasfieldfc@ehow.com,Male,05/01/2006,Qq5tF1yleOGj
Shaylah,Klee,skleefd@i2i.jp,Female,09/13/1967,0TeEzb
Zuzana,Grant,zgrantfe@topsy.com,Female,06/29/2001,2sSlaue
Merissa,Kersey,mkerseyff@craigslist.org,Female,12/31/2000,NuvmQ3fEfxu
Sutton,Armour,sarmourfg@answers.com,Male,11/27/1993,WB60IY9nn8
Tobit,Pandie,tpandiefh@cloudflare.com,Male,11/07/1997,odliYq
Dill,Endacott,dendacottfi@behance.net,Male,01/12/1969,Ra039mc
Allayne,Merill,amerillfj@wisc.edu,Male,11/25/2011,EB9vKCdqwP
Vinita,Brindle,vbrindlefk@marketwatch.com,Female,04/12/1981,701yGk
Eward,Edginton,eedgintonfl@barnesandnoble.com,Male,04/20/1973,3FoIz6yVf43
Dexter,Perotti,dperottifm@jiathis.com,Male,05/18/1999,prG2UgM10
Lonnard,Pavie,lpaviefn@g.co,Male,05/28/1971,TaCGSvRBw
Jacquelyn,Wilfing,jwilfingfo@tinypic.com,Female,07/25/2001,u09XHaQ
Felic,Hammill,fhammillfp@ftc.gov,Male,07/02/2000,sgpQovr
Kariotta,Beastall,kbeastallfq@infoseek.co.jp,Female,06/17/1963,qGNIMOov
Kara,Linstead,klinsteadfr@blogger.com,Female,07/22/1969,11FN5rXU1
Nealon,Tredgold,ntredgoldfs@barnesandnoble.com,Male,03/11/1970,l3GNhDpbW
Amata,McArte,amcarteft@hhs.gov,Female,03/03/2007,OFcPszv
Codi,Quare,cquarefu@dailymail.co.uk,Male,04/01/2010,uAmdceidVa
Lilith,Eastes,leastesfv@merriam-webster.com,Female,06/09/1979,C5FgWD3HFxI8
Norma,Ishchenko,nishchenkofw@devhub.com,Female,09/29/2010,vqJ87uOCuSS
Babbette,Trotter,btrotterfx@quantcast.com,Female,05/13/1963,tVOhzyecSlR
Esme,Undrell,eundrellfy@hp.com,Male,07/23/1981,sajhk7C2H8N
Pearline,Spinella,pspinellafz@histats.com,Female,03/08/1974,8y44ePLYYNuX
Nels,Burnham,nburnhamg0@pcworld.com,Male,08/19/2012,qSXbHxkb8SS5
Tiffie,Salzburger,tsalzburgerg1@moonfruit.com,Female,06/18/1986,5A3lddwCRQF
Carlie,Loffhead,cloffheadg2@hao123.com,Female,05/27/1993,djQLMwE
Cart,Ridolfi,cridolfig3@stanford.edu,Male,08/31/1978,vg92A6Y
Dario,Blaine,dblaineg4@wordpress.org,Male,08/24/2000,LBbAbr2j
Banky,Gabitis,bgabitisg5@nationalgeographic.com,Male,10/30/1971,2ic5J3
Natale,Spatig,nspatigg6@amazon.co.jp,Male,12/20/1985,twmyOVosjJn
Dwight,Packington,dpackingtong7@dion.ne.jp,Male,11/16/1975,3j0FA5qw
Sid,Hiscoke,shiscokeg8@vk.com,Male,04/16/1987,U5AjDIuj3Zob
Fredelia,Outright,foutrightg9@google.de,Female,10/19/1995,2bZ52jBA7
Erna,Coundley,ecoundleyga@hp.com,Female,01/24/2009,23CkvmzQCJWt
Ophelie,Sunter,osuntergb@cargocollective.com,Female,12/14/1983,8IMSDxhz
Guy,Rugieri,grugierigc@liveinternet.ru,Male,07/20/1979,YB8UbJWb6dAR
Benoit,Doe,bdoegd@loc.gov,Male,02/27/1989,QT4TP8W
Torey,Ogelsby,togelsbyge@w3.org,Male,11/14/1972,j1WqDF50M9
Lanna,McGrath,lmcgrathgf@hp.com,Female,01/25/1973,258vteKy
Nana,Pogosian,npogosiangg@sohu.com,Female,01/13/1994,8hwBnkJYrj
Sashenka,Fillis,sfillisgh@livejournal.com,Female,02/03/2007,3UgnqU3
Mellisent,Caldecott,mcaldecottgi@1688.com,Female,09/02/1982,4Gru4KQz
Jana,Liddard,jliddardgj@hibu.com,Female,01/12/1967,biVxK9bhhcZ
Guendolen,Yuranovev,gyuranovevgk@photobucket.com,Female,05/25/1983,AqSI83lZAG
Gonzalo,Jacke,gjackegl@dailymotion.com,Male,04/29/2001,3IiqafmXU3AP
Bernarr,Tofpik,btofpikgm@nasa.gov,Male,06/21/1978,fbgk3Ytm3ah6
Yasmeen,Rigge,yriggegn@1688.com,Female,05/21/1985,5g2unP
Ivory,Kirgan,ikirgango@shareasale.com,Female,04/18/2012,ddAsO0o
Jessamine,Wilshire,jwilshiregp@ucoz.com,Female,08/13/1985,cMIfkZKKX
Sibyl,Millins,smillinsgq@meetup.com,Male,08/09/2006,mxjDtA1Cbs6
Lyle,Moneti,lmonetigr@aol.com,Male,09/07/1972,DHaf9cUvck
Whittaker,Shannon,wshannongs@skype.com,Male,03/30/2004,xdWwwstmwu
Brittaney,Crysell,bcrysellgt@si.edu,Female,05/19/1976,sZ7iFj3OCF
Fran,Calderwood,fcalderwoodgu@census.gov,Male,07/06/1985,357PmdCii
Melania,Snedker,msnedkergv@acquirethisname.com,Female,05/17/1964,PBbCWjNDeDRv
Aridatha,Cheevers,acheeversgw@home.pl,Female,08/28/1985,OQdqbEfqXiWh
Terrill,Scurfield,tscurfieldgx@hubpages.com,Male,08/25/1987,WQ9OJxO
Wyn,Wyllcock,wwyllcockgy@cdbaby.com,Male,11/30/1973,mw8IMWVt
Noel,Sharma,nsharmagz@hatena.ne.jp,Male,02/14/2005,NrmyZwI4IgUe
Glenine,Ambrose,gambroseh0@java.com,Female,07/11/1977,3QtbLhoOV9
Chucho,Kerrich,ckerrichh1@webnode.com,Male,12/16/2004,BDBRsdFp
Darcee,Rubinovitch,drubinovitchh2@sciencedirect.com,Female,10/09/1967,1Z0Ldo0Tp
Nickie,McAulay,nmcaulayh3@marketwatch.com,Male,06/01/2015,HIYdjRwe
Daffy,Babbage,dbabbageh4@skyrock.com,Female,11/01/1992,NCswTI
Mireille,Esposita,mespositah5@mapquest.com,Female,05/18/1961,KesZOfl14
Reade,Kenson,rkensonh6@fema.gov,Male,01/09/2007,2GYLMh
Beatrisa,People,bpeopleh7@biglobe.ne.jp,Female,03/19/1982,ZY7ebLrs7y
Karrah,McIlveen,kmcilveenh8@discuz.net,Female,03/25/1976,Aa1mpFWI
Doti,Verity,dverityh9@army.mil,Female,08/12/1990,fQ6VTcIPU
Ginny,Bernardini,gbernardiniha@noaa.gov,Female,10/22/1988,Ce1ThPV
Lise,Miebes,lmiebeshb@businessinsider.com,Female,01/26/2004,GpGVDkHRM
Randee,Decruse,rdecrusehc@apple.com,Female,08/29/1967,JqQEHgoXzspa
Louella,Gurton,lgurtonhd@alexa.com,Female,05/05/1965,rlTM9ief
Susi,Mandy,smandyhe@php.net,Female,05/22/1961,KxEk04
Field,Whatmough,fwhatmoughhf@xrea.com,Male,05/16/1983,fZs5GALDBfpN
Mariejeanne,Tellett,mtelletthg@howstuffworks.com,Female,12/21/1971,MAgyUPtW
Carmela,Wollers,cwollershh@twitter.com,Female,05/21/1994,paHdRnon
Collie,Kienle,ckienlehi@friendfeed.com,Female,03/26/1984,fDnt73EpUxZ
Percival,Readwood,preadwoodhj@usgs.gov,Male,04/01/2002,lQVfboQ
Dimitri,Boone,dboonehk@hostgator.com,Male,07/09/1975,MU9J2g1K8W7Q
Cornell,Ballston,cballstonhl@telegraph.co.uk,Male,10/07/1989,UWVBHLJStJ0
Marty,Pusill,mpusillhm@telegraph.co.uk,Male,12/21/1988,IczOAGX
Augusto,Fairhead,afairheadhn@amazon.com,Male,03/01/1999,Rur7892c
Joly,Welland,jwellandho@uol.com.br,Female,12/16/1976,XWwhETbaCd
Sterling,Mirfield,smirfieldhp@timesonline.co.uk,Male,07/22/1994,2xdFjoI
Reed,Ubsdell,rubsdellhq@cyberchimps.com,Male,01/17/1973,ZKfnS70Tx
Arly,Peake,apeakehr@discuz.net,Female,07/07/2004,sPmyAILdHM
Brod,Phippin,bphippinhs@abc.net.au,Male,06/10/1961,wvOsZ5V
Xymenes,Gerrels,xgerrelsht@jiathis.com,Male,06/19/1978,eLhwlZ
Ruthann,Biers,rbiershu@hao123.com,Female,04/30/1970,8pAeRKac
Kassia,Troth,ktrothhv@scribd.com,Female,11/21/2013,I0giTNE
Redford,Sheffield,rsheffieldhw@mysql.com,Male,08/05/1962,bp6AjIi
Coralie,Delacourt,cdelacourthx@feedburner.com,Female,05/15/2015,QEFSFD8mI3pw
Arielle,Thowless,athowlesshy@time.com,Female,02/27/1987,J66qGS
Hallsy,Coll,hcollhz@a8.net,Male,03/24/1971,TNExPArHfz
Dory,Rostern,drosterni0@newsvine.com,Male,10/09/1989,kiZ5ddX8
Tish,Aubury,tauburyi1@ebay.co.uk,Female,05/20/2012,k3ehuehrko79
Ardelis,Loder,aloderi2@tmall.com,Female,06/14/1988,tGI1C2r
Mort,Nuttall,mnuttalli3@gizmodo.com,Male,09/06/1988,pIl12uGkU
Grazia,O'Mohun,gomohuni4@discuz.net,Female,08/23/2008,NuXw3Wbec
Teresita,Hartmann,thartmanni5@booking.com,Female,10/05/1972,VH5FeH7UM
Eileen,Baud,ebaudi6@adobe.com,Female,08/11/2011,Lud7qPTT7
Domeniga,Fantini,dfantinii7@surveymonkey.com,Female,05/08/2008,4jboMt2CMv9y
Lorine,Coal,lcoali8@storify.com,Female,07/18/1962,ahxizr
Pinchas,Paulich,ppaulichi9@seattletimes.com,Male,10/12/2006,toLjAmWF
Tabby,Lukes,tlukesia@ox.ac.uk,Female,06/22/1981,jugWYESXty
Tony,Zylberdik,tzylberdikib@uol.com.br,Male,08/12/1972,oyijvBnJW6
Serena,Djurkovic,sdjurkovicic@pinterest.com,Female,02/15/1998,HjgcxBcwc3m
Debby,Burridge,dburridgeid@epa.gov,Female,12/18/2000,qLPnmm
Celestyn,Helin,chelinie@pbs.org,Female,07/29/1963,E8ZVS8G
Caz,Rickword,crickwordif@illinois.edu,Male,06/16/1961,XdI25De
Richardo,Coller,rcollerig@ed.gov,Male,07/17/1988,5Cr2FgA
Sharai,Bever,sbeverih@zdnet.com,Female,08/14/2012,1jqtm1zJ3Q
Verena,Folomkin,vfolomkinii@cargocollective.com,Female,07/01/1999,QHE9MQx
Derwin,Nansom,dnansomij@webs.com,Male,06/07/2010,FVeMnlyyd
Riley,Wetton,rwettonik@biblegateway.com,Male,07/08/2004,9unI7Wy81
Hildegarde,Offord,hoffordil@guardian.co.uk,Female,10/04/1964,49mMUmpyZSs
Meta,Costi,mcostiim@tmall.com,Female,11/26/1995,IUrQxTTonPh
Dynah,Salamon,dsalamonin@last.fm,Female,07/20/1961,Tx61g0
Tyson,Oventon,toventonio@aol.com,Male,10/07/1990,rCrJTvkROjI
Shay,Lawles,slawlesip@hp.com,Male,10/18/1999,J8eQ7eC
Emery,Wofenden,ewofendeniq@baidu.com,Male,09/08/1964,v0px2GXvGW
Pattie,Teck,pteckir@bbb.org,Female,05/29/1989,3qVcuAfUXh
Tally,Sang,tsangis@google.co.uk,Male,04/07/2011,XYoO50jX
Davon,Petasch,dpetaschit@typepad.com,Male,09/21/2007,CybFeyh
Gabbey,Osbaldstone,gosbaldstoneiu@nps.gov,Female,11/15/1975,CApEfuGNwmfk
Felicdad,McGrae,fmcgraeiv@princeton.edu,Female,05/30/2005,vwrWqKU0pAIn
Thorvald,McTiernan,tmctiernaniw@linkedin.com,Male,04/04/1961,EL0sJZKXDiL
Sigrid,Boyse,sboyseix@gov.uk,Female,02/07/1962,xRqWJcKG
Lynnette,Manoelli,lmanoelliiy@wsj.com,Female,02/02/2011,RZhcwM
Atlante,Alldis,aalldisiz@odnoklassniki.ru,Female,02/22/1979,PuoRO1U
Nadia,Scimonelli,nscimonellij0@mysql.com,Female,09/26/2008,dqCYhJXqckZm
Mandie,Petyakov,mpetyakovj1@auda.org.au,Female,09/08/1981,DAmoBBs6d
Damien,Conman,dconmanj2@zimbio.com,Male,02/21/2002,G0z6RfDgEJmj
Berkly,Deverille,bdeverillej3@fema.gov,Male,11/08/1987,vTWTEZHt3iRI
Dani,Frewer,dfrewerj4@europa.eu,Male,03/22/1991,RH5Up3w
Gilberte,Othick,gothickj5@bigcartel.com,Female,03/01/2002,e1TDd8asGS
Zebedee,Thrussell,zthrussellj6@digg.com,Male,05/24/1985,nmX4rxm
Sabrina,Dunphy,sdunphyj7@samsung.com,Female,04/11/1984,0ry3li
Daryl,McDill,dmcdillj8@ameblo.jp,Male,06/18/1992,VpjZC1
Kirby,Minard,kminardj9@quantcast.com,Male,08/30/1986,kNjkBU0RjUBI
Heriberto,Meininking,hmeininkingja@wordpress.com,Male,04/06/1980,HGqI9Y7FtC
Nancee,Dunstone,ndunstonejb@so-net.ne.jp,Female,08/30/1988,G2fFlcJI
Jamie,Morteo,jmorteojc@behance.net,Female,08/31/1975,xAzihk
Veradis,Checklin,vchecklinjd@google.com.au,Female,07/12/1970,SCdfEPr
Archer,Cattrell,acattrellje@forbes.com,Male,08/10/1999,KhHfwpHXOtG
Massimo,O'Spillane,mospillanejf@cloudflare.com,Male,06/08/2014,AvqOsm
Callida,Middlewick,cmiddlewickjg@livejournal.com,Female,07/28/2009,XESwxsaDmyp7
Paola,Camfield,pcamfieldjh@exblog.jp,Female,06/16/1966,Z4EVXPo
Jocko,Snepp,jsneppji@altervista.org,Male,04/11/2009,ZghNf7lL8
Rivalee,Itskovitz,ritskovitzjj@google.it,Female,02/18/1962,11Bn9fiDKor
Emlen,McCole,emccolejk@photobucket.com,Male,05/29/1976,0cKK2Gg5GjjF
Amalia,Joist,ajoistjl@independent.co.uk,Female,01/18/1984,GiPJlU
Rustie,Chesnut,rchesnutjm@about.me,Male,06/04/2013,2pysfI2g
Halley,Espinoy,hespinoyjn@salon.com,Female,12/16/1993,K8juhnWfJkJE
May,Prujean,mprujeanjo@creativecommons.org,Female,07/04/1961,CgcHcXS5y
Paulie,Wipper,pwipperjp@nbcnews.com,Female,09/25/2015,8nnJGXfDn8mk
Tabina,Abadam,tabadamjq@technorati.com,Female,07/02/1983,TO2PZa
Morry,Glendenning,mglendenningjr@google.it,Male,12/13/2008,blYlST12
Faye,Lockett,flockettjs@ibm.com,Female,04/02/2011,Ch21lVk57BD
Katlin,Denny,kdennyjt@homestead.com,Female,04/10/1971,aFZXH5HdDtd
Ameline,Connors,aconnorsju@wikispaces.com,Female,04/21/1979,A4ijzs
Elmore,Jayes,ejayesjv@nba.com,Male,04/06/1983,S2Pwl7AqJ
Audy,Normavill,anormavilljw@ox.ac.uk,Female,07/20/1985,d6Frysl3N
Anabelle,Apthorpe,aapthorpejx@utexas.edu,Female,01/27/2004,9JQ8QRxQbZ
Gusty,Espinosa,gespinosajy@yale.edu,Female,09/29/1990,pzuTzk
Shantee,Bendel,sbendeljz@jigsy.com,Female,07/27/1975,JhSejuahRNXi
Alyce,Donnan,adonnank0@springer.com,Female,03/01/1970,jFEbdiMSa
Reid,Runnett,rrunnettk1@ucoz.com,Male,04/01/1997,9qXUwzmhoc
Nichols,Nann,nnannk2@disqus.com,Male,11/29/2004,K6Pg3as2caK
Carroll,Duester,cduesterk3@wsj.com,Female,03/05/1996,RV6QI8
Shurlocke,Funcheon,sfuncheonk4@alexa.com,Male,04/02/2011,LrD5VIZdojF3
Marybeth,Normavell,mnormavellk5@japanpost.jp,Female,09/03/1995,ER5PXRDI
Roxana,McEvon,rmcevonk6@domainmarket.com,Female,02/18/1989,zekusKV0rQT
Agustin,Skinley,askinleyk7@stumbleupon.com,Male,08/21/1979,tpx8FCQBO
Denny,Claffey,dclaffeyk8@privacy.gov.au,Male,10/29/1978,AP14eu
Mel,Gumm,mgummk9@multiply.com,Male,09/15/2006,xJcy42Xli
Peyton,Kaplin,pkaplinka@mlb.com,Male,09/18/2000,zGpz8wrzggmS
Kerianne,Bernier,kbernierkb@issuu.com,Female,11/30/1985,uQAIXQjTS5
Edouard,Pether,epetherkc@discovery.com,Male,12/17/1969,OpJhgaAdJ
Gunner,Coverly,gcoverlykd@cbc.ca,Male,05/06/1977,xruF4BR
Melicent,Yglesia,myglesiake@utexas.edu,Female,07/26/1977,7taB7FsyHZA
Aguistin,Saddleton,asaddletonkf@usda.gov,Male,04/27/1988,HXcBdynq
Melloney,Yukhnev,myukhnevkg@boston.com,Female,02/26/2000,aHapWftQvR
Sallee,Brace,sbracekh@elegantthemes.com,Female,09/30/1989,FE8htTdomZs
Andreana,Shorland,ashorlandki@e-recht24.de,Female,06/14/1968,CnRxfo5BPu3b
Filmer,Pauleit,fpauleitkj@free.fr,Male,08/08/1980,TLkxmr
Ginny,Dumbrall,gdumbrallkk@behance.net,Female,03/06/1962,9wipovgF5bJl
Raymund,Lebbern,rlebbernkl@cornell.edu,Male,08/17/1998,vN9g3T6D89KG
Guthry,Newing,gnewingkm@amazon.co.uk,Male,02/13/1970,GiTQaxWWiJ
Darsie,Lanmeid,dlanmeidkn@hc360.com,Female,07/03/1966,2bSB5nqpkU
Mae,Ingon,mingonko@ted.com,Female,06/26/2015,cQrfe9
Emelina,Froude,efroudekp@list-manage.com,Female,02/15/2003,5v8xsij
Leon,Aneley,laneleykq@xrea.com,Male,02/13/2007,698shqe
Edmund,Heaseman,eheasemankr@npr.org,Male,02/20/1972,ShvWDH
Shaughn,Verbeek,sverbeekks@taobao.com,Male,03/11/2012,TPZOsUWU3LP6
Maria,Collop,mcollopkt@tamu.edu,Female,08/10/1999,zbtQ5y4LYxga
Ynes,Stallebrass,ystallebrassku@weather.com,Female,11/26/1994,YXqo6vfVP
Perle,Hanlon,phanlonkv@ed.gov,Female,11/10/1979,tWQv93
Rufus,Marciek,rmarciekkw@zimbio.com,Male,06/29/1980,Aw1KHyD9Ytsg
Even,Mauchline,emauchlinekx@ihg.com,Male,04/11/1977,Bkrd33V
Isaac,Halsall,ihalsallky@geocities.com,Male,09/07/1991,pf1Nzu
Corney,Jenkin,cjenkinkz@java.com,Male,06/07/2002,MNNoEu
Raffaello,Lattie,rlattiel0@spiegel.de,Male,10/15/2007,rR519Tj
Kinsley,Jirsa,kjirsal1@twitter.com,Male,10/28/1964,uZhJpE7
Elinore,Ancketill,eancketilll2@comcast.net,Female,11/06/1979,Pvdrbh
Leona,Godmar,lgodmarl3@google.cn,Female,03/28/1991,CdaxQt
Lauralee,Tape,ltapel4@weebly.com,Female,07/25/1963,bwFTYOe
Clareta,Grimmert,cgrimmertl5@princeton.edu,Female,12/12/1987,wmZwgO
Lennard,Callaby,lcallabyl6@slideshare.net,Male,12/21/1990,R3C6JZwG7yM
Bartholomeo,Scrange,bscrangel7@histats.com,Male,04/03/1998,D3Tx6HrXBHv
Colas,Stanworth,cstanworthl8@newsvine.com,Male,01/19/1968,epXA0C6DH
Urban,Verry,uverryl9@mashable.com,Male,03/23/2015,po0oalF
Galvin,McClary,gmcclaryla@mysql.com,Male,06/29/1965,8B90ep8
Brandise,Ochterlony,bochterlonylb@yelp.com,Female,06/07/1967,HJ37xzd
Chet,Lawrinson,clawrinsonlc@netscape.com,Male,09/07/1977,8SPrSR
Farlee,Najera,fnajerald@acquirethisname.com,Male,05/08/2001,ZUV0Mp
Sutherland,Labern,slabernle@bloglovin.com,Male,06/08/1980,dxJVOp
Cristy,Grinter,cgrinterlf@nps.gov,Female,09/29/1997,a1pcthi
Angelica,Barracks,abarrackslg@macromedia.com,Female,09/23/1978,oopyDsYv4T
Devan,Casement,dcasementlh@canalblog.com,Female,11/11/1999,jPhYOl
Atlante,Starkey,astarkeyli@answers.com,Female,09/14/1985,PITC9BON
Salem,Warfield,swarfieldlj@admin.ch,Male,02/22/1965,2DtivOLjw
Benny,Walesa,bwalesalk@bbc.co.uk,Male,11/18/1999,q99DrK986J2c
Sylvia,Despenser,sdespenserll@webnode.com,Female,11/26/2012,cwCeKLz8Yd
Nana,Hasney,nhasneylm@examiner.com,Female,03/20/2015,e8xtuMDQM
Rodrick,Dorber,rdorberln@forbes.com,Male,01/31/1975,VZRwszAOIA
Libbi,Dumphry,ldumphrylo@alexa.com,Female,04/18/1999,sq0mv7vx
Keefe,Coolson,kcoolsonlp@wikispaces.com,Male,10/19/1998,jmTKCfjjiiR3
Alex,Downer,adownerlq@wisc.edu,Female,01/21/1996,i23kcuD
Herbie,Collinson,hcollinsonlr@mozilla.org,Male,11/13/2013,CfnuJk
Clayson,Massei,cmasseils@google.com.au,Male,07/08/1986,k35fDj
Irena,Greason,igreasonlt@economist.com,Female,03/16/2015,2tgnDb
Lenci,Lau,llaulu@ted.com,Male,07/26/1986,sPBO05seR
Rossie,Toffoloni,rtoffolonilv@bloomberg.com,Male,08/30/1982,qWDAJQzyEVUd
Vernice,Dukelow,vdukelowlw@illinois.edu,Female,06/26/1974,2xhe6H0
Purcell,Oughtright,poughtrightlx@furl.net,Male,06/17/2008,BtNuJvL9
Katuscha,Sawart,ksawartly@devhub.com,Female,10/23/2006,tNA8csinAb
Terese,Cohani,tcohanilz@zdnet.com,Female,09/22/2004,5e7iWDBsbS
Annette,Mein,ameinm0@cdc.gov,Female,03/05/1995,VzdNKwqOE4
Swen,Wasielewicz,swasielewiczm1@hatena.ne.jp,Male,10/15/1996,aRV6muBr
Patin,Tripean,ptripeanm2@reverbnation.com,Male,03/31/1975,yOiMi99smcl
Beatrisa,Ridings,bridingsm3@purevolume.com,Female,08/26/1971,RrE49jW
Tory,Dumbrall,tdumbrallm4@delicious.com,Female,04/25/1992,7BsU6SqhKH
Bibbie,Waleworke,bwaleworkem5@cornell.edu,Female,07/07/2009,WOQ6bbrv
Simone,Padbury,spadburym6@imgur.com,Female,12/09/2006,QU3NHex
Virgina,Lashbrook,vlashbrookm7@google.cn,Female,01/17/1966,gkutiDBOF
Haskell,Brammar,hbrammarm8@goo.ne.jp,Male,09/22/1976,bQzN7SWk
Timmie,Pateman,tpatemanm9@bing.com,Female,10/16/1965,oHfXH1EIy4R
Amabelle,Laffan,alaffanma@deviantart.com,Female,04/24/1992,ffgUErKL
Estrella,Portress,eportressmb@w3.org,Female,04/06/2005,BkpdcH
Godfree,Garatty,ggarattymc@soup.io,Male,05/16/1999,65aD2G
Ferdy,Brettell,fbrettellmd@europa.eu,Male,03/23/2011,vd1IoBBidLQ4
Ara,Bothbie,abothbieme@archive.org,Male,12/23/1976,Q3j6wwrZIs40
Dwight,Lammiman,dlammimanmf@gizmodo.com,Male,10/08/2012,YJQz78Usw
Claudell,Ellicott,cellicottmg@edublogs.org,Male,09/02/1976,dgviBr9
Kathryne,Alves,kalvesmh@wordpress.org,Female,01/18/2000,zJBS0pNVwkbB
Keeley,Baccup,kbaccupmi@umn.edu,Female,05/27/2015,4oPYHpYf6kzJ
Susanna,Delph,sdelphmj@usnews.com,Female,05/20/2014,vzt5Qe
Ashlen,Vardie,avardiemk@yandex.ru,Female,07/11/2014,2M17dTZu3B5J
Humfrey,Barnfield,hbarnfieldml@vistaprint.com,Male,06/26/1979,qGKxBr
Gwenora,Linne,glinnemm@amazon.de,Female,07/18/2001,PIG7OlIIqor
Rozamond,Rubinovitsch,rrubinovitschmn@japanpost.jp,Female,08/11/1962,KjyZkVugs6
Thornton,Herety,theretymo@etsy.com,Male,02/26/1982,WXTAab9cO
Nara,Waulker,nwaulkermp@techcrunch.com,Female,10/01/1998,pUUJB9maQmb
Forest,Gilders,fgildersmq@moonfruit.com,Male,06/20/1968,f36NvgnZ2
Obadias,Mansion,omansionmr@blogspot.com,Male,03/14/1984,yz3gzk
Yvette,Gerdts,ygerdtsms@rambler.ru,Female,04/26/2010,LH7MmrE
Benjamen,Scarlett,bscarlettmt@youtube.com,Male,12/21/2010,DxZlsN0v
Veda,Footitt,vfootittmu@tinyurl.com,Female,10/01/2003,ebO6fM7hABk
Ichabod,Fremantle,ifremantlemv@feedburner.com,Male,08/19/2000,kB8lnIz
Karel,Nairn,knairnmw@desdev.cn,Female,09/08/1982,uuBuFcDL
Leicester,Collick,lcollickmx@apache.org,Male,11/22/2012,GIoMtsPcRY
Wilone,Tidridge,wtidridgemy@uol.com.br,Female,11/05/2005,brw884nFR
Allister,Middlewick,amiddlewickmz@shop-pro.jp,Male,02/05/1998,nX0PNDM3lcK
Beitris,McGarvey,bmcgarveyn0@macromedia.com,Female,04/28/1983,u2hJ6obS
Urbano,Lidgey,ulidgeyn1@reddit.com,Male,05/19/2004,hsyKAj0s
Mal,Greathead,mgreatheadn2@ox.ac.uk,Male,05/20/1961,RFXVj5V0x
Lennie,McGloin,lmcgloinn3@utexas.edu,Male,11/19/1984,QUv33tKe0F
Arnoldo,Nunes Nabarro,anunesnabarron4@free.fr,Male,07/12/1961,SYP2pt9
Delaney,Perrins,dperrinsn5@a8.net,Male,12/07/1997,6j3St3oC2j
Trevar,O'Dare,todaren6@issuu.com,Male,05/30/1977,Zil20t05R9t
Maggy,Landsman,mlandsmann7@wix.com,Female,11/17/1978,WZgg6K
Ivory,Silvester,isilvestern8@behance.net,Female,08/15/1992,wqP9V4FE
Lianne,Polden,lpoldenn9@foxnews.com,Female,12/11/1991,0rvqUvGRiUmC
Liza,Herrema,lherremana@4shared.com,Female,06/02/2014,mZGR6ckTW
Felice,Espinazo,fespinazonb@clickbank.net,Male,02/21/1981,FiqomOpfC
Lock,Manass,lmanassnc@skyrock.com,Male,02/06/1961,xp4jh4
Eziechiele,Kop,ekopnd@symantec.com,Male,05/27/1968,iFq4Lk
Kearney,Cuseck,kcuseckne@buzzfeed.com,Male,03/13/1976,gOS8AJ
Lind,Hyman,lhymannf@oaic.gov.au,Female,12/12/1967,8sIcu1CL
Reinold,MacSkeagan,rmacskeaganng@pinterest.com,Male,09/11/2011,QRCRe3
Gerick,Rawne,grawnenh@simplemachines.org,Male,11/03/1973,WEwvaQZk
Aksel,McWhinnie,amcwhinnieni@hostgator.com,Male,11/11/1979,TlH3JEOL
Sharyl,McLarnon,smclarnonnj@ca.gov,Female,11/11/1994,ljOvW7tO
Ynes,Barbosa,ybarbosank@stumbleupon.com,Female,08/14/1988,GK2vEj9Wt
Abbye,Noads,anoadsnl@harvard.edu,Female,07/30/2004,zYt0St
Stephen,Kilian,skiliannm@ow.ly,Male,03/11/1985,p5Ir64Ao1f
Cordelie,Streeter,cstreeternn@npr.org,Female,12/05/2010,myNfB0I5Fo
Wood,Obal,wobalno@senate.gov,Male,01/08/1970,K5N3gIDuYWIG
Ophelia,Chadwell,ochadwellnp@army.mil,Female,04/27/2001,DvOBMKMz
Suzette,Hugo,shugonq@typepad.com,Female,02/16/1962,hAD0m5fe0J
Diego,Sonley,dsonleynr@mail.ru,Male,05/14/2003,IjxAGL8FCxn
Costa,Ughi,cughins@tripadvisor.com,Male,01/27/1974,VBTr4vb0
Rudolfo,Lamlin,rlamlinnt@pbs.org,Male,08/03/1971,FI4uXpI
Meredeth,Ormonde,mormondenu@t-online.de,Male,03/02/1979,cdoN2TCM
Creigh,Reavey,creaveynv@ted.com,Male,05/09/1968,sTAtYCZI
Clem,Draysay,cdraysaynw@gov.uk,Female,04/05/2002,OLTKQFJ
Skippy,Banister,sbanisternx@amazon.co.jp,Male,04/26/1980,aPOx9N6
Danya,Stathers,dstathersny@mysql.com,Female,12/25/1974,hTzaJL
Jamie,Kondratyuk,jkondratyuknz@paypal.com,Male,02/09/1995,suUqsq
Anson,Chapple,achappleo0@cafepress.com,Male,11/06/2007,dIJeVxjyiRr3
Nancey,Selwyne,nselwyneo1@indiatimes.com,Female,12/16/2001,UXFwTiqsX4U
Ilsa,Rothchild,irothchildo2@nytimes.com,Female,08/14/2001,0jXtANKdK49I
Shanda,Clemencet,sclemenceto3@redcross.org,Female,04/21/2000,IBai6bWgAu
Reagan,Imore,rimoreo4@census.gov,Male,05/08/1997,gGmFETF1Myp1
Laurianne,Haughton,lhaughtono5@xinhuanet.com,Female,06/25/2011,XeDEBRT
Reinold,Cressingham,rcressinghamo6@chron.com,Male,09/24/1989,8C7AVKcL
Dasie,Kidsley,dkidsleyo7@bbb.org,Female,10/11/2015,K2zSv9gze
Pebrook,Red,predo8@xrea.com,Male,09/05/2012,8DlbSLUYk
Berthe,Jarvis,bjarviso9@cyberchimps.com,Female,05/09/1991,5bv0hinBNY
Carole,Lis,clisoa@ted.com,Female,07/15/1971,R7DkxwL6
Tessi,Grushin,tgrushinob@i2i.jp,Female,05/23/1968,cjTu8xnVNCwO
Bobine,Crossdale,bcrossdaleoc@nydailynews.com,Female,07/01/1981,58zKodI
Sonia,Sacase,ssacaseod@shop-pro.jp,Female,03/11/1984,Hscg4KmYT8YD
Jone,Spellman,jspellmanoe@usatoday.com,Male,12/01/2008,8ImU50KNEUW
Clerc,Lazar,clazarof@example.com,Male,03/08/1987,H4y9k9X7
Colly,Lefeaver,clefeaverog@marketwatch.com,Female,03/08/1974,KsKXGinTE
Trace,Frankowski,tfrankowskioh@marketwatch.com,Male,06/21/2001,5qTur50uYKwD
Arlette,Marston,amarstonoi@fastcompany.com,Female,11/13/2007,tFLEYj1iwIU
Wait,Coyle,wcoyleoj@exblog.jp,Male,03/23/1992,aMo6sew6o
Cristabel,Garard,cgarardok@buzzfeed.com,Female,11/29/1979,KlrfE0S
Alard,Volage,avolageol@alexa.com,Male,07/02/1979,L9v4MJHTvNL0
Deeyn,Cornilli,dcornilliom@mozilla.com,Female,10/01/2009,JSzHayNHY2
Cyrille,Bogies,cbogieson@360.cn,Male,02/13/1968,BCJdEgB73JJ
Marijn,Hawkey,mhawkeyoo@wikimedia.org,Male,05/04/1997,HCXqpQGRNN
Susi,Dureden,sduredenop@apache.org,Female,02/24/1978,BCA9ym7UWwmB
Rog,Immings,rimmingsoq@smh.com.au,Male,08/08/1970,eCz8BNP
Benoit,Stucke,bstuckeor@icq.com,Male,04/18/1999,sL2H3zbqGNr
Orland,Reisenstein,oreisensteinos@redcross.org,Male,03/15/2001,1zpOLO
Noak,Fleay,nfleayot@furl.net,Male,09/24/2000,P5UokzKI
Margo,Valente,mvalenteou@forbes.com,Female,05/09/1962,DiRF8IxHlgT
Goddard,Ervine,gervineov@sitemeter.com,Male,01/06/1985,3W9Fbe13
Dur,Blackden,dblackdenow@yellowbook.com,Male,12/01/1997,PEhOSyAr1
Rodolphe,Gibson,rgibsonox@rambler.ru,Male,12/14/1967,6DRrLfDnwHG
Hannis,Smithers,hsmithersoy@twitter.com,Female,06/17/1971,XEBxXo44gsnz
Calhoun,Edlin,cedlinoz@163.com,Male,02/19/1999,fz1cTXLdK
Ara,Pressnell,apressnellp0@rakuten.co.jp,Female,03/19/1990,nQQHSaXRlI
Ev,Lergan,elerganp1@smugmug.com,Male,12/06/1980,7fbFVb0NU
Tad,Wellan,twellanp2@desdev.cn,Male,04/26/1973,1S69M64t6
Patsy,Ellershaw,pellershawp3@wordpress.org,Female,01/26/1986,F2mj4b4nKu9k
Doll,Staite,dstaitep4@aol.com,Female,11/22/1995,paxmmUpmXL
Ban,Shenley,bshenleyp5@sitemeter.com,Male,01/28/1993,uLFk5UUEZ
Felicia,Estcot,festcotp6@scientificamerican.com,Female,05/04/1967,xGfWv6wBCqz
Kimble,Loudyan,kloudyanp7@sina.com.cn,Male,07/29/2005,aNOWzN4Z0Cx
Kimmi,Jankowski,kjankowskip8@webnode.com,Female,08/05/1977,HOad3F6
Bibby,Isherwood,bisherwoodp9@theglobeandmail.com,Female,06/14/1972,W27sssuznpE
Christian,Nance,cnancepa@desdev.cn,Male,12/01/1995,Dh3swWu
Murial,Shafier,mshafierpb@soup.io,Female,02/13/2001,QOryBzfwg4G
Cynde,Ludwell,cludwellpc@google.co.uk,Female,06/07/1998,VHMHwo
Jakie,Gadie,jgadiepd@paginegialle.it,Male,11/25/1985,0RaS8GUprR
Agna,Ordish,aordishpe@wikimedia.org,Female,05/21/1966,9EGZhVTNGk
Sylas,Culvey,sculveypf@unesco.org,Male,04/24/1966,ovnVGZMQxN7
Ranice,Ekell,rekellpg@utexas.edu,Female,06/07/1973,ah4jiaLsUw
Dulci,Ratnege,dratnegeph@ucsd.edu,Female,02/02/1969,rz30LL5K
Antoni,Filkov,afilkovpi@blogspot.com,Male,03/28/1991,seOoRnY6U
Gwenore,Mangam,gmangampj@de.vu,Female,09/08/1971,WMsHlZrYU
Sayre,Thurstance,sthurstancepk@networkadvertising.org,Male,12/19/1970,P4On8n6URVS
Waldemar,Lipmann,wlipmannpl@usnews.com,Male,11/29/2011,nmg6ltHgQs
Harmony,Michal,hmichalpm@qq.com,Female,09/01/1975,QLYljMJj3LgV
Sheila,Raysdale,sraysdalepn@chron.com,Female,09/26/1967,UEmhL0Mx2Ug
Payton,Brameld,pbrameldpo@wikimedia.org,Male,07/20/1985,FIv1FNjGVfc8
Mariellen,Izhak,mizhakpp@dion.ne.jp,Female,03/27/1995,OOJcCwpka
Massimo,Wybron,mwybronpq@earthlink.net,Male,08/03/2010,dWDRsnc0p
Willi,Northing,wnorthingpr@webs.com,Female,07/31/2004,ItBTkFrU
Vanna,Phebey,vphebeyps@istockphoto.com,Female,03/15/2012,Lf7PuZkya14
Emmey,Bennit,ebennitpt@vimeo.com,Female,03/25/1986,2l2Xdd1z
Emmalee,Morch,emorchpu@engadget.com,Female,11/05/1982,d1SRfo25CI
Guthrie,MacAdam,gmacadampv@lycos.com,Male,12/21/1962,MGJnwUOM
Erick,Potes,epotespw@ucoz.ru,Male,06/25/1993,7XUQIZUEX
Dreddy,Barten,dbartenpx@uol.com.br,Female,03/03/1976,9yWc6j
Dayna,Basill,dbasillpy@shinystat.com,Female,11/06/1980,pC7UM6bf0rb
Felita,Goodwell,fgoodwellpz@networkadvertising.org,Female,04/03/1978,07yQI1swrQR
Micky,Olexa,molexaq0@mayoclinic.com,Female,05/09/1973,cND4zg
Feliks,Outlaw,foutlawq1@elpais.com,Male,02/18/1990,eqrDyv7R
Lari,Filpi,lfilpiq2@walmart.com,Female,12/11/2007,K8clxZjkgbzw
Weston,Toffano,wtoffanoq3@tinypic.com,Male,01/11/2007,r4vwPM6S9
Lionello,Cordeux,lcordeuxq4@a8.net,Male,11/15/1967,312HZJoclH6
Rustin,Ackland,racklandq5@vk.com,Male,11/29/1978,CwJ3aiLL3
Stanfield,Memmory,smemmoryq6@ucsd.edu,Male,07/06/1969,bn36wNzy
Ly,Dutteridge,ldutteridgeq7@reference.com,Male,06/08/2007,K1xLVwtuz2
Theodora,MacLure,tmaclureq8@elpais.com,Female,05/20/1986,u1iFMB3uZCM
Nilson,Kryska,nkryskaq9@networkadvertising.org,Male,09/27/1985,4gNyIT4W
Sammy,Rawll,srawllqa@fc2.com,Female,08/02/1990,GVPPhLinSW
Lurline,Gieraths,lgierathsqb@yolasite.com,Female,11/25/1993,QEftP0z
Kane,Dedrick,kdedrickqc@flavors.me,Male,12/13/2004,ipvE7SUO
Merna,Roelofsen,mroelofsenqd@hexun.com,Female,01/23/1976,QumCg4oPuNi
Rosetta,Goodbourn,rgoodbournqe@guardian.co.uk,Female,10/26/1996,M8PZjSpO7
Robbi,Mottinelli,rmottinelliqf@samsung.com,Female,02/22/1995,jylJPEloOvY
Constantin,Ellard,cellardqg@prweb.com,Male,09/08/1980,xHe7asnmPM3
Warde,Adacot,wadacotqh@reuters.com,Male,08/27/2009,oU2FYDjzQSZ
Fidela,Melrose,fmelroseqi@aboutads.info,Female,11/17/1969,q7Pne2R
Nertie,Duval,nduvalqj@unesco.org,Female,05/27/2004,v7pkNsPRQ
Allianora,Jemmett,ajemmettqk@usnews.com,Female,09/02/2008,AjeaEfn4
Nancey,Dunbobbin,ndunbobbinql@netlog.com,Female,08/31/2001,yNGOfZCo
Carver,Nesterov,cnesterovqm@nasa.gov,Male,10/03/2014,FrcDeD9g
Dniren,Wade,dwadeqn@loc.gov,Female,08/17/2008,EWmagNr4
Danya,Naismith,dnaismithqo@google.com.au,Female,12/31/1971,Mtqf2SXGwgKd
Berte,Vlasyuk,bvlasyukqp@stumbleupon.com,Female,03/29/2009,kkXnoNJtTh
Ethelred,Earie,eearieqq@dailymotion.com,Male,08/17/2006,NOBcG4
Carina,Honeyghan,choneyghanqr@tiny.cc,Female,05/05/1976,H5DjaA
Donia,Saller,dsallerqs@istockphoto.com,Female,04/01/1982,D9bBcG8
Nariko,Spilsbury,nspilsburyqt@answers.com,Female,04/03/1977,m4zRUL9vP
Gustav,Feacham,gfeachamqu@friendfeed.com,Male,02/04/1966,2JsySXPW
Darda,Crisall,dcrisallqv@zimbio.com,Female,06/25/1994,5lrmcu0
Brannon,Delia,bdeliaqw@blinklist.com,Male,05/17/1966,bHarZQyY6gl3
Joleen,Axelbey,jaxelbeyqx@walmart.com,Female,02/16/1977,OsXSNf8ZU
Geoffrey,Antonio,gantonioqy@ezinearticles.com,Male,01/27/1988,SXeecQhDqj
Rosina,Sayton,rsaytonqz@marriott.com,Female,09/23/1980,8cyzl3mPx
Jorge,Gandrich,jgandrichr0@apache.org,Male,10/22/2011,AeXYYhXEHZ
Ina,Gorvette,igorvetter1@so-net.ne.jp,Female,09/04/2004,BMUm7IYATs
Perrine,Balma,pbalmar2@java.com,Female,06/21/1980,Mz24p73Bn0NI
Demeter,Burhill,dburhillr3@usda.gov,Female,10/18/2010,xC4TgOMnLj
Denny,Librey,dlibreyr4@stumbleupon.com,Female,03/13/1970,s55IbGvddh
Babette,Turl,bturlr5@senate.gov,Female,08/13/1976,jbNuG28xiGw
Karyl,Downie,kdownier6@wikia.com,Female,05/31/1978,h0E6Ow
Rainer,Crolla,rcrollar7@friendfeed.com,Male,08/02/2014,WKaN9rXizODB
Flor,Colenutt,fcolenuttr8@ft.com,Female,01/04/1972,0jnep0Q
Davon,Mundy,dmundyr9@mapy.cz,Male,08/27/2012,pot2oLD2pof
Christiane,Crooke,ccrookera@aol.com,Female,02/11/1985,OKyTYeMV
Uri,Starr,ustarrrb@cmu.edu,Male,11/08/1996,J0AJR63syG
Diandra,Reason,dreasonrc@flavors.me,Female,07/31/1985,MUENj44NPPtC
Danella,Titcom,dtitcomrd@amazonaws.com,Female,11/26/2000,Qswkfr2Q
Anatollo,Colls,acollsre@1und1.de,Male,05/17/1972,mYzQRZSla
Lynnette,Tripet,ltripetrf@nasa.gov,Female,11/05/1985,6GI4J8NB9w
Ferrel,Blune,fblunerg@tripod.com,Male,11/09/1974,lKRfaUumQF
Adelle,Chudleigh,achudleighrh@ebay.co.uk,Female,09/23/1987,tWkDFWVgBc61
Corina,Ochterlonie,cochterlonieri@a8.net,Female,07/27/1967,so7vsv
Traver,Cramphorn,tcramphornrj@unesco.org,Male,07/12/1995,z6hLy5
Brandy,Gillings,bgillingsrk@wiley.com,Male,02/23/2004,wIuxejYY2
Renault,Dyers,rdyersrl@netscape.com,Male,06/29/2013,Hhmyb9
Vic,Simonazzi,vsimonazzirm@cam.ac.uk,Male,04/02/2008,Hq4DMmxAFw
Farr,Trenam,ftrenamrn@unicef.org,Male,12/05/1979,5LPhOGa5DYrs
Morganica,McElane,mmcelanero@bloglovin.com,Female,10/15/1989,vVXTW8q
Vittorio,Andrichuk,vandrichukrp@harvard.edu,Male,03/06/1999,ZemAIkP1
Osmond,Pellingar,opellingarrq@japanpost.jp,Male,10/13/1977,9OkMLijwVo
Shea,Hebron,shebronrr@toplist.cz,Male,12/08/1997,V2W5L53
